row_type,classification,start,provided_dropping_time,recomputed_dropping_time,coefficient_stopping_time,times_equal,minimality_verified,q,K_q,assumed_M,H_numerator,H_denominator,barrier_holds,ratio_M_over_H_numerator,ratio_M_over_H_denominator,ratio_gt_4
STOPPING_RECORD,EXTERNAL_RECORD_EVIDENCE,2,1,1,1,True,False,,,,,,,,,
STOPPING_RECORD,EXTERNAL_RECORD_EVIDENCE,3,4,4,4,True,False,,,,,,,,,
STOPPING_RECORD,EXTERNAL_RECORD_EVIDENCE,7,7,7,7,True,False,,,,,,,,,
STOPPING_RECORD,EXTERNAL_RECORD_EVIDENCE,27,59,59,59,True,False,,,,,,,,,
STOPPING_RECORD,EXTERNAL_RECORD_EVIDENCE,703,81,81,81,True,False,,,,,,,,,
STOPPING_RECORD,EXTERNAL_RECORD_EVIDENCE,10087,105,105,105,True,False,,,,,,,,,
STOPPING_RECORD,EXTERNAL_RECORD_EVIDENCE,35655,135,135,135,True,False,,,,,,,,,
STOPPING_RECORD,EXTERNAL_RECORD_EVIDENCE,270271,164,164,164,True,False,,,,,,,,,
STOPPING_RECORD,EXTERNAL_RECORD_EVIDENCE,362343,165,165,165,True,False,,,,,,,,,
STOPPING_RECORD,EXTERNAL_RECORD_EVIDENCE,381727,173,173,173,True,False,,,,,,,,,
STOPPING_RECORD,EXTERNAL_RECORD_EVIDENCE,626331,176,176,176,True,False,,,,,,,,,
STOPPING_RECORD,EXTERNAL_RECORD_EVIDENCE,1027431,183,183,183,True,False,,,,,,,,,
STOPPING_RECORD,EXTERNAL_RECORD_EVIDENCE,1126015,224,224,224,True,False,,,,,,,,,
STOPPING_RECORD,EXTERNAL_RECORD_EVIDENCE,8088063,246,246,246,True,False,,,,,,,,,
STOPPING_RECORD,EXTERNAL_RECORD_EVIDENCE,13421671,287,287,287,True,False,,,,,,,,,
STOPPING_RECORD,EXTERNAL_RECORD_EVIDENCE,20638335,292,292,292,True,False,,,,,,,,,
STOPPING_RECORD,EXTERNAL_RECORD_EVIDENCE,26716671,298,298,298,True,False,,,,,,,,,
STOPPING_RECORD,EXTERNAL_RECORD_EVIDENCE,56924955,308,308,308,True,False,,,,,,,,,
STOPPING_RECORD,EXTERNAL_RECORD_EVIDENCE,63728127,376,376,376,True,False,,,,,,,,,
STOPPING_RECORD,EXTERNAL_RECORD_EVIDENCE,217740015,395,395,395,True,False,,,,,,,,,
STOPPING_RECORD,EXTERNAL_RECORD_EVIDENCE,1200991791,398,398,398,True,False,,,,,,,,,
STOPPING_RECORD,EXTERNAL_RECORD_EVIDENCE,1827397567,433,433,433,True,False,,,,,,,,,
STOPPING_RECORD,EXTERNAL_RECORD_EVIDENCE,2788008987,447,447,447,True,False,,,,,,,,,
STOPPING_RECORD,EXTERNAL_RECORD_EVIDENCE,12235060455,547,547,547,True,False,,,,,,,,,
STOPPING_RECORD,EXTERNAL_RECORD_EVIDENCE,898696369947,550,550,550,True,False,,,,,,,,,
STOPPING_RECORD,EXTERNAL_RECORD_EVIDENCE,2081751768559,606,606,606,True,False,,,,,,,,,
STOPPING_RECORD,EXTERNAL_RECORD_EVIDENCE,13179928405231,688,688,688,True,False,,,,,,,,,
STOPPING_RECORD,EXTERNAL_RECORD_EVIDENCE,31835572457967,712,712,712,True,False,,,,,,,,,
STOPPING_RECORD,EXTERNAL_RECORD_EVIDENCE,70665924117439,722,722,722,True,False,,,,,,,,,
STOPPING_RECORD,EXTERNAL_RECORD_EVIDENCE,739448869367967,728,728,728,True,False,,,,,,,,,
STOPPING_RECORD,EXTERNAL_RECORD_EVIDENCE,1008932249296231,886,886,886,True,False,,,,,,,,,
STOPPING_RECORD,EXTERNAL_RECORD_EVIDENCE,118303688851791519,902,902,902,True,False,,,,,,,,,
STOPPING_RECORD,EXTERNAL_RECORD_EVIDENCE,180352746940718527,966,966,966,True,False,,,,,,,,,
STOPPING_RECORD,EXTERNAL_RECORD_EVIDENCE,1236472189813512351,990,990,990,True,False,,,,,,,,,
STOPPING_RECORD,EXTERNAL_RECORD_EVIDENCE,2602714556700227743,1005,1005,1005,True,False,,,,,,,,,
BARRIER_COMPARISON,EXTERNAL_RECORD_EVIDENCE,,,,,,,1,2,3,1,1,True,3,1,False
BARRIER_COMPARISON,EXTERNAL_RECORD_EVIDENCE,,,,,,,2,4,3,5,7,True,21,5,True
BARRIER_COMPARISON,EXTERNAL_RECORD_EVIDENCE,,,,,,,3,5,7,23,5,True,35,23,False
BARRIER_COMPARISON,EXTERNAL_RECORD_EVIDENCE,,,,,,,4,7,7,85,47,True,329,85,False
BARRIER_COMPARISON,EXTERNAL_RECORD_EVIDENCE,,,,,,,5,8,27,319,13,True,351,319,False
BARRIER_COMPARISON,EXTERNAL_RECORD_EVIDENCE,,,,,,,6,10,27,1085,295,True,7965,1085,True
BARRIER_COMPARISON,EXTERNAL_RECORD_EVIDENCE,,,,,,,7,12,27,3767,1909,True,51543,3767,True
BARRIER_COMPARISON,EXTERNAL_RECORD_EVIDENCE,,,,,,,8,13,27,13349,1631,True,44037,13349,False
BARRIER_COMPARISON,EXTERNAL_RECORD_EVIDENCE,,,,,,,9,15,27,44143,13085,True,353295,44143,True
BARRIER_COMPARISON,EXTERNAL_RECORD_EVIDENCE,,,,,,,10,16,27,148813,6487,True,175149,148813,False
BARRIER_COMPARISON,EXTERNAL_RECORD_EVIDENCE,,,,,,,11,18,27,479207,84997,True,2294919,479207,True
BARRIER_COMPARISON,EXTERNAL_RECORD_EVIDENCE,,,,,,,12,20,27,1568693,517135,True,13962645,1568693,True
BARRIER_COMPARISON,EXTERNAL_RECORD_EVIDENCE,,,,,,,13,21,27,5230367,502829,True,13576383,5230367,False
BARRIER_COMPARISON,EXTERNAL_RECORD_EVIDENCE,,,,,,,14,23,27,16739677,3605639,True,97352253,16739677,True
BARRIER_COMPARISON,EXTERNAL_RECORD_EVIDENCE,,,,,,,15,24,27,54413335,2428309,True,65564343,54413335,False
BARRIER_COMPARISON,EXTERNAL_RECORD_EVIDENCE,,,,,,,16,26,27,171628613,24062143,True,649677861,171628613,False
BARRIER_COMPARISON,EXTERNAL_RECORD_EVIDENCE,,,,,,,17,27,27,548440271,5077565,False,137094255,548440271,False
BARRIER_COMPARISON,EXTERNAL_RECORD_EVIDENCE,,,,,,,18,29,27,1712429677,149450423,True,4035161421,1712429677,False
BARRIER_COMPARISON,EXTERNAL_RECORD_EVIDENCE,,,,,,,19,31,27,5405724487,985222181,True,26600998887,5405724487,True
BARRIER_COMPARISON,EXTERNAL_RECORD_EVIDENCE,,,,,,,20,32,27,17290915285,808182895,True,21820938165,17290915285,False
BARRIER_COMPARISON,EXTERNAL_RECORD_EVIDENCE,,,,,,,21,34,27,54020229503,6719515981,True,181426931487,54020229503,False
BARRIER_COMPARISON,EXTERNAL_RECORD_EVIDENCE,,,,,,,22,35,27,170650623101,2978678759,False,80424326493,170650623101,False
BARRIER_COMPARISON,EXTERNAL_RECORD_EVIDENCE,,,,,,,23,37,27,529131738487,43295774645,True,1168985915415,529131738487,False
BARRIER_COMPARISON,EXTERNAL_RECORD_EVIDENCE,,,,,,,24,39,27,1656114692197,267326277407,True,7217809489989,1656114692197,True
BARRIER_COMPARISON,EXTERNAL_RECORD_EVIDENCE,,,,,,,25,40,27,5243221983535,252223018333,True,6810021494991,5243221983535,False
BARRIER_COMPARISON,EXTERNAL_RECORD_EVIDENCE,,,,,,,26,42,27,16279421764493,1856180682775,True,50116878434925,16279421764493,False
BARRIER_COMPARISON,EXTERNAL_RECORD_EVIDENCE,,,,,,,27,43,27,51037288549031,1170495537221,False,31603379504967,51037288549031,False
BARRIER_COMPARISON,EXTERNAL_RECORD_EVIDENCE,,,,,,,28,45,27,157509912158197,12307579633871,True,332304650114517,157509912158197,False
BARRIER_COMPARISON,EXTERNAL_RECORD_EVIDENCE,,,,,,,29,46,27,490121922519007,1738366812781,False,46935903945087,490121922519007,False
BARRIER_COMPARISON,EXTERNAL_RECORD_EVIDENCE,,,,,,,30,48,27,1505550139645853,75583844616007,True,2040763804632189,1505550139645853,False
BARRIER_COMPARISON,EXTERNAL_RECORD_EVIDENCE,,,,,,,31,50,27,4657387907292887,508226510558677,True,13722115785084279,4657387907292887,False
BARRIER_COMPARISON,EXTERNAL_RECORD_EVIDENCE,,,,,,,32,51,27,14535113675299973,398779624833407,False,10767049870501989,14535113675299973,False
BARRIER_COMPARISON,EXTERNAL_RECORD_EVIDENCE,,,,,,,33,53,27,44731240932742543,3448138688185469,True,93099744581007663,44731240932742543,False
BARRIER_COMPARISON,EXTERNAL_RECORD_EVIDENCE,,,,,,,34,54,27,138697322425598125,1337216809815415,False,36104853865016205,138697322425598125,False
BARRIER_COMPARISON,EXTERNAL_RECORD_EVIDENCE,,,,,,,35,56,27,425099166531535367,22026048938928229,True,594703321351062183,425099166531535367,False
BARRIER_COMPARISON,EXTERNAL_RECORD_EVIDENCE,,,,,,,36,58,27,1311326296613570069,138135740854712623,True,3729665003077240821,1311326296613570069,False
BARRIER_COMPARISON,EXTERNAL_RECORD_EVIDENCE,,,,,,,37,59,27,4078094077916566079,126176846412426125,False,3406774853135505375,4078094077916566079,False
BARRIER_COMPARISON,EXTERNAL_RECORD_EVIDENCE,,,,,,,38,61,703,12522512609901409981,954991291540701863,True,671358877953113409689,12522512609901409981,True
BARRIER_COMPARISON,EXTERNAL_RECORD_EVIDENCE,,,,,,,39,62,703,38720459334311076919,559130865408411637,True,393068998382113380811,38720459334311076919,True
BARRIER_COMPARISON,EXTERNAL_RECORD_EVIDENCE,,,,,,,40,64,703,118467221012146924709,6289078614652622815,True,4421222266100793838945,118467221012146924709,True
BARRIER_COMPARISON,EXTERNAL_RECORD_EVIDENCE,,,,,,,41,65,703,364625035073295549935,420491770248316829,False,295605714484566730787,364625035073295549935,False
BARRIER_COMPARISON,EXTERNAL_RECORD_EVIDENCE,,,,,,,42,67,703,1112321849293596201421,38154963458164053719,True,26822939311089329764457,1112321849293596201421,True
BARRIER_COMPARISON,EXTERNAL_RECORD_EVIDENCE,,,,,,,43,69,703,3410752524175626810727,262038842964168574085,True,184213306603810507581755,3410752524175626810727,True
BARRIER_COMPARISON,EXTERNAL_RECORD_EVIDENCE,,,,,,,44,70,703,10527405477706233258037,195820718533800070543,True,137661965129261449591729,10527405477706233258037,True
BARRIER_COMPARISON,EXTERNAL_RECORD_EVIDENCE,,,,,,,45,72,703,32172512243477405425823,1768053776318811515053,True,1242941804752124495082259,32172512243477405425823,True
BARRIER_COMPARISON,EXTERNAL_RECORD_EVIDENCE,,,,,,,46,73,703,98878719971867038884317,581794846086789331463,True,409001776799012900018489,98878719971867038884317,True
BARRIER_COMPARISON,EXTERNAL_RECORD_EVIDENCE,,,,,,,47,75,703,301358526398470761866647,11190117503999658421781,True,7866652605311759870512043,301358526398470761866647,True
BARRIER_COMPARISON,EXTERNAL_RECORD_EVIDENCE,,,,,,,48,77,703,922965045126890866454725,71349284374956136974911,True,50158546915594164293362433,922965045126890866454725,True
BARRIER_COMPARISON,EXTERNAL_RECORD_EVIDENCE,,,,,,,49,78,703,2844452999106586922783311,62932125673039764086461,True,44241284348146954152782083,2844452999106586922783311,True
BARRIER_COMPARISON,EXTERNAL_RECORD_EVIDENCE,,,,,,,50,80,703,8684474724771589415188205,491027831922776585935927,True,345192565841711939912956681,8684474724771589415188205,True
BARRIER_COMPARISON,EXTERNAL_RECORD_EVIDENCE,,,,,,,51,81,703,26657887084122082832917703,264157676153700583101605,True,185702846336051509920428315,26657887084122082832917703,True
BARRIER_COMPARISON,EXTERNAL_RECORD_EVIDENCE,,,,,,,52,83,10087,81182587071980877673459285,3210324667690360098717167,True,32382544922992662315760063529,81182587071980877673459285,True
BARRIER_COMPARISON,EXTERNAL_RECORD_EVIDENCE,,,,,,,53,85,10087,248383464494401149719202559,19302380559988113693800909,True,194703112708600102829369769083,248383464494401149719202559,True
BARRIER_COMPARISON,EXTERNAL_RECORD_EVIDENCE,,,,,,,54,86,10087,764493206597037515952906493,19221515452296207490805095,True,193887426367311844959750993265,764493206597037515952906493,True
BARRIER_COMPARISON,EXTERNAL_RECORD_EVIDENCE,,,,,,,55,88,10087,2332165246018780681449317111,135035798812224889653610549,True,1362106102618912461935969607763,2332165246018780681449317111,True
BARRIER_COMPARISON,EXTERNAL_RECORD_EVIDENCE,,,,,,,56,89,10087,7151238242967014578710341861,95622386615329600236050591,True,964543013788829677581042311417,7151238242967014578710341861,True
BARRIER_COMPARISON,EXTERNAL_RECORD_EVIDENCE,,,,,,,57,91,10087,21763199738722388804855806639,905837179488678938157713885,True,9137179629502304449196859957995,21763199738722388804855806639,True
BARRIER_COMPARISON,EXTERNAL_RECORD_EVIDENCE,,,,,,,58,92,10087,66527539255452546689466544141,241631459895276264674893207,True,2437336535963651681775647779009,66527539255452546689466544141,True
BARRIER_COMPARISON,EXTERNAL_RECORD_EVIDENCE,,,,,,,59,94,10087,202058497844928400618197880871,5676654536827349893621176517,True,57260414312977478376956807526979,202058497844928400618197880871,True
BARRIER_COMPARISON,EXTERNAL_RECORD_EVIDENCE,,,,,,,60,96,10087,616079013849068244053786636405,36837004239048134079249517135,True,371574861759278528457389879340745,616079013849068244053786636405,True
BARRIER_COMPARISON,EXTERNAL_RECORD_EVIDENCE,,,,,,,61,97,10087,1887851122804336900958131884383,31282850202880064644204601069,True,315550109996451212066091810983003,1887851122804336900958131884383,True
BARRIER_COMPARISON,EXTERNAL_RECORD_EVIDENCE,,,,,,,62,99,10087,5742781530927275040467939603485,252304875637168869119701703879,True,2544999280552122382810431087027473,5742781530927275040467939603485,True
BARRIER_COMPARISON,EXTERNAL_RECORD_EVIDENCE,,,,,,,63,100,10087,17545257242838882471777994611799,123089326797391906610753508949,True,1241602039405292161982670644768563,17545257242838882471777994611799,True
BARRIER_COMPARISON,EXTERNAL_RECORD_EVIDENCE,,,,,,,64,102,10087,53269597028630762116082335438085,1636918580620405121328963732223,True,16511597722718026458845257166933401,53269597028630762116082335438085,True
BARRIER_COMPARISON,EXTERNAL_RECORD_EVIDENCE,,,,,,,65,104,10087,162344092286348745151240412725007,9981358142774132969973704018173,True,100681959586162679268124752431311051,162344092286348745151240412725007,True
BARRIER_COMPARISON,EXTERNAL_RECORD_EVIDENCE,,,,,,,66,105,10087,497173481660872070665694863818029,9661664824670728485973860768503,True,97457213086453638238018333571889761,497173481660872070665694863818029,True
BARRIER_COMPARISON,EXTERNAL_RECORD_EVIDENCE,,,,,,,67,107,35655,1511802854586267882421031842740103,69549813681315526305816084877541,True,2479798606807305090433872506308724355,1511802854586267882421031842740103,True
BARRIER_COMPARISON,EXTERNAL_RECORD_EVIDENCE,,,,,,,68,108,35655,4616538202173410328958884533364373,46390164214733215525870244344495,True,1654041305076312799574903562102969225,4616538202173410328958884533364373,True
BARRIER_COMPARISON,EXTERNAL_RECORD_EVIDENCE,,,,,,,69,110,35655,14011873883349444350268231610381247,463689046302626373360766753609741,True,16532832945920143342178138599955315355,14011873883349444350268231610381247,True
BARRIER_COMPARISON,EXTERNAL_RECORD_EVIDENCE,,,,,,,70,111,35655,42684658757365186504371006872296253,92992924274172212949676178524199,True,3315662714995610252720704145280315345,42684658757365186504371006872296253,True
BARRIER_COMPARISON,EXTERNAL_RECORD_EVIDENCE,,,,,,,71,113,35655,129352050486729266420245644699193783,2875127202089930453114276700182645,True,102512660390516470305789535745012207475,129352050486729266420245644699193783,True
BARRIER_COMPARISON,EXTERNAL_RECORD_EVIDENCE,,,,,,,72,115,35655,393248448318722626889267430426801445,19009975323339446616403822758988127,True,677800670153667969107878300471721668185,393248448318722626889267430426801445,True
BARRIER_COMPARISON,EXTERNAL_RECORD_EVIDENCE,,,,,,,73,116,35655,1200514532390307191181924276597284719,15491551101739718820967497643203613,True,552351254532529674561596128468424821515,1200514532390307191181924276597284719,True
BARRIER_COMPARISON,EXTERNAL_RECORD_EVIDENCE,,,,,,,74,118,35655,3643081972039200194574016800425614925,129551403041776398519390434197132375,True,4619155275454537489208865931298754830625,3643081972039200194574016800425614925,True
BARRIER_COMPARISON,EXTERNAL_RECORD_EVIDENCE,,,,,,,75,119,35655,11095399415590715067835026283811887847,56347210179100227332219537521310981,True,2009059778935818605530287610322343027555,11095399415590715067835026283811887847,True
BARRIER_COMPARISON,EXTERNAL_RECORD_EVIDENCE,,,,,,,76,121,35655,33618505245718374171731030616505749685,833655628429758618448562142704105231,True,29723991431663043540783483198114872011305,33618505245718374171731030616505749685,True
BARRIER_COMPARISON,EXTERNAL_RECORD_EVIDENCE,,,,,,,77,123,35655,102184743732940038388096898909797593631,5159422876859107601153300548673004845,True,183959222674411481519120931062935987748475,102184743732940038388096898909797593631,True
BARRIER_COMPARISON,EXTERNAL_RECORD_EVIDENCE,,,,,,,78,124,35655,311871143181959778655905924970514159197,4844444664297995820229445163776257927,True,172728674505545040970280867314442476387185,311871143181959778655905924970514159197,True
BARRIER_COMPARISON,EXTERNAL_RECORD_EVIDENCE,,,,,,,79,126,35655,946247253512158662950948231393785234199,35800981925452641427149248455814286997,True,1276484010552013930085006453692058402878035,946247253512158662950948231393785234199,True
BARRIER_COMPARISON,EXTERNAL_RECORD_EVIDENCE,,,,,,,80,127,35655,2881277056401593296785766520110326729029,22332354046123308415604093509500808127,True,796260083514526561558363954081251313768185,2881277056401593296785766520110326729029,True
BARRIER_COMPARISON,EXTERNAL_RECORD_EVIDENCE,,,,,,,81,129,35655,8728901760935014506223143212188922239951,237138245598839156978499584244386530109,True,8455164146826610142068402676233601731036395,8728901760935014506223143212188922239951,True
BARRIER_COMPARISON,EXTERNAL_RECORD_EVIDENCE,,,,,,,82,130,35655,26526987649725981982132804243998534931309,30850002954640544008749537869623167415,True,1099956855347708596631964772741414034181825,26526987649725981982132804243998534931309,True
BARRIER_COMPARISON,EXTERNAL_RECORD_EVIDENCE,,,,,,,83,132,35655,80261527683019822873325161946859141216839,1453679476547675485879747043335942348069,True,51830941736307369449042380830143024420400195,80261527683019822873325161946859141216839,True
BARRIER_COMPARISON,EXTERNAL_RECORD_EVIDENCE,,,,,,,84,134,35655,243506841984426976327682482700031569342165,9805556300378041873053234848916118427503,True,349617109889979082983713088538104202532619465,243506841984426976327682482700031569342165,True
BARRIER_COMPARISON,EXTERNAL_RECORD_EVIDENCE,,,,,,,85,135,35655,741409561694750959813875435537911290793087,7638597418194063957503729671115189749325,True,272354190945709350404795481423612090512182875,741409561694750959813875435537911290793087,True
BARRIER_COMPARISON,EXTERNAL_RECORD_EVIDENCE,,,,,,,86,137,270271,2246006756567192941103282281489367037912445,66471935220462315195823138764611900314343,True,17965436403969570390290315537050422909857796953,2246006756567192941103282281489367037912445,True
BARRIER_COMPARISON,EXTERNAL_RECORD_EVIDENCE,,,,,,,87,138,270271,6825132555633339069956470743970633775870071,25191233797866452294221617288770376677557,True,6808459949783163928011570726253258475020007947,6825132555633339069956470743970633775870071,True
BARRIER_COMPARISON,EXTERNAL_RECORD_EVIDENCE,,,,,,,88,140,270271,20649622238763537703162660030916966651875685,424022845120640343469160449876441778563615,True,114601078373600586269753463948555795934166789665,20649622238763537703162660030916966651875685,True
BARRIER_COMPARISON,EXTERNAL_RECORD_EVIDENCE,,,,,,,89,142,270271,62645765003744695082660971288771161252688943,2665865110270084976753463741669847929814621,True,720506029217806136752135398924851469838927432291,62645765003744695082660971288771161252688943,True
BARRIER_COMPARISON,EXTERNAL_RECORD_EVIDENCE,,,,,,,90,143,270271,190724888161050413140674878650394528946314381,2422409031177599144876461656847453412948759,True,654706911265400898484906168457818081371074043689,190724888161050413140674878650394528946314381,True
BARRIER_COMPARISON,EXTERNAL_RECORD_EVIDENCE,,,,,,,91,145,270271,577749850782783895207408565519345677215438247,18417599692798109005397244106866540991836485,True,4977743086572237718997718562006926900404638637435,577749850782783895207408565519345677215438247,True
BARRIER_COMPARISON,EXTERNAL_RECORD_EVIDENCE,,,,,,,92,146,270271,1755550297546882308763761414830685393152295157,10651308681333080733120295775302899963548623,True,2878739848612573062821155459486890076048249886833,1755550297546882308763761414830685393152295157,True
BARRIER_COMPARISON,EXTERNAL_RECORD_EVIDENCE,,,,,,,93,148,270271,5311252383037708172574355681037352902468846303,121156906838121734765503760416502145914567533,True,32745198368045999376807466831528451478476081711443,5311252383037708172574355681037352902468846303,True
BARRIER_COMPARISON,EXTERNAL_RECORD_EVIDENCE,,,,,,,94,149,270271,16112163110701369502855352789293245599454382237,6658797337875234031939788887132653648015943,True,1799679815304877377046398682314229434102916930553,16112163110701369502855352789293245599454382237,True
BARRIER_COMPARISON,EXTERNAL_RECORD_EVIDENCE,,,,,,,95,151,270271,48693301255280598478830629860242110582458833367,733600238366605642624962351386145529135421141,True,198270870023580873637891199671484938304959407199211,48693301255280598478830629860242110582458833367,True
BARRIER_COMPARISON,EXTERNAL_RECORD_EVIDENCE,,,,,,,96,153,270271,147507151458547755317550175550175826883759246725,5055296100511736689991458993057426860171756671,True,1366299932381407586940681613512623814925480847227841,147507151458547755317550175550175826883759246725,True
BARRIER_COMPARISON,EXTERNAL_RECORD_EVIDENCE,,,,,,,97,154,270271,448230445146467105476883670528325461196808726671,3747906759887531021508089223576319489453297021,True,1012950507901562896714012782545195444734032039162691,448230445146467105476883670528325461196808726671,True
BARRIER_COMPARISON,EXTERNAL_RECORD_EVIDENCE,,,,,,,98,156,270271,1356109316981048995479117299340572344681488153005,34079683362957951161456843181920880650483837047,True,9210750102190008418358102463620938334286917122529737,1356109316981048995479117299340572344681488153005,True
BARRIER_COMPARISON,EXTERNAL_RECORD_EVIDENCE,,,,,,,99,157,270271,4113999877109737702631217049044100878408712350983,10895197755692421096640227500994953222955727205,True,2944655992628746342210050926921407002521467347422555,4113999877109737702631217049044100878408712350983,True
BARRIER_COMPARISON,EXTERNAL_RECORD_EVIDENCE,,,,,,,100,159,270271,12433343483662394540281381449177070323954632836885,215373297933440128065381286592520237125858749487,True,58209156605768796852358665708647037008242970082600977,12433343483662394540281381449177070323954632836885,True
BARRIER_COMPARISON,EXTERNAL_RECORD_EVIDENCE,,,,,,,101,161,270271,37665405860319909350395065555710281726777881646399,1376870712465771843297986276135702221205542519949,True,372128224328836621859990048837472375027443182409136179,37665405860319909350395065555710281726777881646399,True
BARRIER_COMPARISON,EXTERNAL_RECORD_EVIDENCE,,,,,,,102,162,270271,114457719218290630969388881499847128199989577482173,1207608862735509693486589162974540624304762473895,True,326381654940388940368313939666292069071472458582075545,114457719218290630969388881499847128199989577482173,True
BARRIER_COMPARISON,EXTERNAL_RECORD_EVIDENCE,,,,,,,103,164,270271,346296160929533698744574014164973950639280597532471,9468833137530140753274506819788753951538017593589,True,2559151000913408671528254232691126319236131553036892619,346296160929533698744574014164973950639280597532471,True
BARRIER_COMPARISON,EXTERNAL_RECORD_EVIDENCE,,,,,,,104,165,362343,1050580495887248319579351521156652116075089252941221,5022473215295975568564563135905733540119132093151,True,1819858012249989675440389500353491208127386680028612793,1050580495887248319579351521156652116075089252941221,True
BARRIER_COMPARISON,EXTERNAL_RECORD_EVIDENCE,,,,,,,105,167,381727,3175125513859039405429313520793416876539762679511279,61835472040476820088211604054638257249347237654685,True,23604269235595095101812750980964898025021572988209940995,3175125513859039405429313520793416876539762679511279,True
BARRIER_COMPARISON,EXTERNAL_RECORD_EVIDENCE,,,,,,,106,169,381727,9618912646366296003052976391674092742877267721284301,372578625699786033794706470751598998264001078464983,True,142223321052502223322351916960595630810322339679202565641,9618912646366296003052976391674092742877267721284301,True
BARRIER_COMPARISON,EXTERNAL_RECORD_EVIDENCE,,,,,,,107,170,381727,29230882358255599156219072492197646681663721894854759,369447038785935807263832777904060088728165773391237,True,141027909774638917899401094810983145489936536179316726299,29230882358255599156219072492197646681663721894854759,True
BARRIER_COMPARISON,EXTERNAL_RECORD_EVIDENCE,,,,,,,108,172,381727,88440935913080219762777504110943676951055003146567989,2604918792984652010032071602413654078312172244181135,True,994367836089652257833512596574556930351870574254532120145,88440935913080219762777504110943676951055003146567989,True
BARRIER_COMPARISON,EXTERNAL_RECORD_EVIDENCE,,,,,,,109,173,381727,268315963092494348464813658870233978477420359287718815,1828445672446577677133921732435066986425817036513709,True,697967081206014756959300541157240815527367859897268595443,268315963092494348464813658870233978477420359287718815,True
BARRIER_COMPARISON,EXTERNAL_RECORD_EVIDENCE,,,,,,,110,175,626331,810934199983990423747403269685507830680771777559186141,17457958430354489737326351346916991456298850501600519,True,10934460561642357911669350965465866175815115333517954665789,810934199983990423747403269685507830680771777559186141,True
BARRIER_COMPARISON,EXTERNAL_RECORD_EVIDENCE,,,,,,,111,176,626331,2456747842778000784654058981355747073036358131461677207,4483389639004442388280709442303812380810953936563989,True,2808085915987291405494245025707589112285705590042059794359,2456747842778000784654058981355747073036358131461677207,True
BARRIER_COMPARISON,EXTERNAL_RECORD_EVIDENCE,,,,,,,112,178,1027431,7418134013986061380785875288665688381097159991953269189,109231140221131380812238817523805761118604056946167103,True,112227459628537235719299340527301276951848484832257412802393,7418134013986061380785875288665688381097159991953269189,True
BARRIER_COMPARISON,EXTERNAL_RECORD_EVIDENCE,,,,,,,113,180,1027431,22445963984566420249652419244390853791243822366132757839,710817305879866357026303209358994579260496951384401853,True,730315735397456971065891732694921159564191643257827380229643,22445963984566420249652419244390853791243822366132757839,True
BARRIER_COMPARISON,EXTERNAL_RECORD_EVIDENCE,,,,,,,114,181,1027431,68104139724132205178136431246747715965540836659490074605,599956376773710212720562600926674554162751731969603383,True,616413780144989857565700353632694163857990174729261573399073,68104139724132205178136431246747715965540836659490074605,True
BARRIER_COMPARISON,EXTERNAL_RECORD_EVIDENCE,,,,,,,115,183,1027431,205844914713262504392767640767393457080241249100653825991,4864860212052908354878381857080642029725733440276014501,True,4998308192529731683961050749802221121243140034276225854776931,205844914713262504392767640767393457080241249100653825991,True
BARRIER_COMPARISON,EXTERNAL_RECORD_EVIDENCE,,,,,,,116,184,1126015,623664726303251068611736310410781607975198703790695886677,2334616309231614197768369354039452620227287343359226095,True,2628812983439436060900150418188734242165228957932638971361425,623664726303251068611736310410781607975198703790695886677,True
BARRIER_COMPARISON,EXTERNAL_RECORD_EVIDENCE,,,,,,,117,186,1126015,1883254143236680316702075707449547297394546024349556477439,31523777581549064327038660496523304798581687985015313101,True,35496246413487969668210437298992689052774959396447017781422515,1883254143236680316702075707449547297394546024349556477439,True
BARRIER_COMPARISON,EXTERNAL_RECORD_EVIDENCE,,,,,,,118,188,1126015,5698802287017749393573694227217451786059437724958544701949,192651047360064079916050191227189702147344367774796478567,True,216927969093142554946671256074684012463441968279937456813620505,5698802287017749393573694227217451786059437724958544701949,True
BARRIER_COMPARISON,EXTERNAL_RECORD_EVIDENCE,,,,,,,119,189,1126015,17292566290284081954590951101127594933681511782515135184375,185634283618524692008413734731089955435635888045387278645,True,209026987868713081071853991513228256169857544477426756563449675,17292566290284081954590951101127594933681511782515135184375,True
BARRIER_COMPARISON,EXTERNAL_RECORD_EVIDENCE,,,,,,,120,191,1126015,52270017729313913411512590142333263952050932562824407710181,1341540567778909171504714882094228168319702094694166150047,True,1510594802427568410751881527961332330950509354157051497445172705,52270017729313913411512590142333263952050932562824407710181,True
BARRIER_COMPARISON,EXTERNAL_RECORD_EVIDENCE,,,,,,,121,192,1126015,158379328621788410425496717782801708460178386549589231758767,886070835643387132596249934678851296907928561850481193693,True,997729051996988562110366370197406743087781179572069581316223395,158379328621788410425496717782801708460178386549589231758767,True
BARRIER_COMPARISON,EXTERNAL_RECORD_EVIDENCE,,,,,,,122,194,1126015,478276536733058571658408048060008958588586337370999712532749,8935314242316842161624539227244220306826141130015478093975,True,10061297866562399026621655537965400728790837304514378565987259625,478276536733058571658408048060008958588586337370999712532749,True
BARRIER_COMPARISON,EXTERNAL_RECORD_EVIDENCE,,,,,,,123,195,1126015,1447383813669949076502895723026442208597963723001927206624039,1697535785403803429530459988901995256069001612190296230341,True,1911450757401463718702740904403480188262536850350456409807421115,1447383813669949076502895723026442208597963723001927206624039,True
BARRIER_COMPARISON,EXTERNAL_RECORD_EVIDENCE,,,,,,,124,197,1126015,4367259847951393952564030326772157291458300590783637757923701,55309421239304856399277695352367317097025848392283164794191,True,62279237956775857878432674132195884561007560677436727805730978865,4367259847951393952564030326772157291458300590783637757923701,True
BARRIER_COMPARISON,EXTERNAL_RECORD_EVIDENCE,,,,,,,125,199,1126015,13202213171620368749913463611087794537032539459462337825977439,366795519250288353640578347599747276606352919399698598795245,True,413017256608613440524595828072529429667902482537851617722427798675,13202213171620368749913463611087794537032539459462337825977439,True
BARRIER_COMPARISON,EXTERNAL_RECORD_EVIDENCE,,,,,,,126,200,1126015,40008374025925853818625881356348674261728169126832711686757661,296917535621369923150753996628660528557957261307699378735047,True,334333598872696854016596261513821185064188245591389115946343947705,40008374025925853818625881356348674261728169126832711686757661,True
BARRIER_COMPARISON,EXTERNAL_RECORD_EVIDENCE,,,,,,,127,202,1126015,120828591099907056593648625115216604086445608877389531477923671,2497690651123100044994224082227144188196074777705890971506517,True,2812437138524377497164171229948997763071603140818498822280910739755,120828591099907056593648625115216604086445608877389531477923671,True
BARRIER_COMPARISON,EXTERNAL_RECORD_EVIDENCE,,,,,,,128,203,1126015,365699649388239150332029799530332137464381232619734180104373765,1065319776333339032814823877316782154499412357986501573314047,True,1199566047947984751034983908216856457698655806278170569075216632705,365699649388239150332029799530332137464381232619734180104373765,True
BARRIER_COMPARISON,EXTERNAL_RECORD_EVIDENCE,,,,,,,129,205,1126015,1103526700341753412098257246960361062803232509834333711654326799,16051463683071939302780168370679647283675861024221847402353149,True,18074188879094249734020011287910843036128274651189163502760681071235,1103526700341753412098257246960361062803232509834333711654326799,True
BARRIER_COMPARISON,EXTERNAL_RECORD_EVIDENCE,,,,,,,130,207,1126015,3336291109733404080703443134358541790050052777403525820327802413,99576408465503506725683292066956145131738078873714912936703479,True,112124529578283931125720272116773623760514052882986097690422167906185,3336291109733404080703443134358541790050052777403525820327802413,True
BARRIER_COMPARISON,EXTERNAL_RECORD_EVIDENCE,,,,,,,131,208,1126015,10111717364032787619745014976985459776711579323812676202442695303,93041155731359764907678728381199622272372253416947255891534309,True,104765736970847065682519863338156492673025242931283864342706004948635,10111717364032787619745014976985459776711579323812676202442695303,True
BARRIER_COMPARISON,EXTERNAL_RECORD_EVIDENCE,,,,,,,132,210,1126015,30540840161763513614504416078776048143257579954642226090246662037,690499606524380805261778480782936493062800726659236733511755183,True,777512914440550652436841496038798235236109560229200450485239012385745,30540840161763513614504416078776048143257579954642226090246662037,True
BARRIER_COMPARISON,EXTERNAL_RECORD_EVIDENCE,,,,,,,133,211,1126015,92445272763951143864590732827606819682264107796743468202414290623,425994262251936373630366259791458974205666314344130337186656525,True,479675929209614135753396864019079676840193354946205921627233046997875,92445272763951143864590732827606819682264107796743468202414290623,True
BARRIER_COMPARISON,EXTERNAL_RECORD_EVIDENCE,,,,,,,134,213,1126015,278981322849174637635927167665377809551775059255863984470591480893,4568991901398221205201037144489077932582470674299550738257187623,True,5144753415852918050374445840251869088256850716321408624538667121312345,278981322849174637635927167665377809551775059255863984470591480893,True
BARRIER_COMPARISON,EXTERNAL_RECORD_EVIDENCE,,,,,,,135,214,1126015,843525986776808737076401379726362830675256121230126272865168878775,542939245625015278363357973008429757885525097830013307982690677,True,611357734662451578666316527977087033825469543033062434988129442662155,843525986776808737076401379726362830675256121230126272865168878775,True
BARRIER_COMPARISON,EXTERNAL_RECORD_EVIDENCE,,,,,,,136,216,1126015,2543741996788995859566443892639547296065630250615447457502295508517,27956890654014342509569580839942897353380349143627317737525816415,True,31479878229779959880912991569488301563366573840961514182220132170536225,2543741996788995859566443892639547296065630250615447457502295508517,True
BARRIER_COMPARISON,EXTERNAL_RECORD_EVIDENCE,,,,,,,137,218,1126015,7683882136201266172048290691760477104356338299546616928134042014319,189182963630600214226626770203499124379036142831431064466888426781,True,213022854792510300222395142650693066537660382370333850055683371881807715,7683882136201266172048290691760477104356338299546616928134042014319,True
BARRIER_COMPARISON,EXTERNAL_RECORD_EVIDENCE,,,,,,,138,219,1126015,23262270991940912889540708130648772177706805089440949006910747998029,146299724217571895888208199875815643861528046892096748383421370199,True,164735683964849218348560756183166552222738503721204320130958214164626985,23262270991940912889540708130648772177706805089440949006910747998029,True
BARRIER_COMPARISON,EXTERNAL_RECORD_EVIDENCE,,,,,,,139,221,1126015,70208062142496967415413796502680998262395995649925043465749487904231,1281397506001173181247968821096810390135744903880683135184751930885,True,1442872812719911019682931612087324951448700797943207420465058445455473275,70208062142496967415413796502680998262395995649925043465749487904231,True
BARRIER_COMPARISON,EXTERNAL_RECORD_EVIDENCE,,,,,,,140,222,1126015,212309183094187817233408077950981721704290308476183916177317439353269,474199184609689569410529577412977336202591658824477845416304511503,True,533955394858279600499797462110673675224161246711244421106440124520050545,212309183094187817233408077950981721704290308476183916177317439353269,True
BARRIER_COMPARISON,EXTERNAL_RECORD_EVIDENCE,,,,,,,141,224,1126015,640297542615957281674557610738822618947075568481369320092090269340959,8162584220616728656898342503993839677017061082108576656524816096813,True,9191192271177745718597387134634623383916366034370488943896790797252890195,640297542615957281674557610738822618947075568481369320092090269340959,True
BARRIER_COMPARISON,EXTERNAL_RECORD_EVIDENCE,,,,,,,142,226,8088063,1934372601181447164921006339759977672178045277655378246516822613147485,51447699329000825765362042599001149704688327668866302450678058539655,True,416112233378016405842271418349405035883950589550433792798138530186417638265,1934372601181447164921006339759977672178045277655378246516822613147485,True
BARRIER_COMPARISON,EXTERNAL_RECORD_EVIDENCE,,,,,,,143,227,8088063,5857037696878642774352353049453972277881410121811215884512675059940887,46503311318399918117418067448924926419516405316436617427619734622101,True,376121711651831596928518726865154087151413115732874297261486353666834080363,5857037696878642774352353049453972277881410121811215884512675059940887,True
BARRIER_COMPARISON,EXTERNAL_RECORD_EVIDENCE,,,,,,,144,229,8088063,17678952877304530882235727208709995356338778943123809943462439620819525,355189507292404872709590323042931824647646371329634432131688085860031,True,2872795111919930031982147236961584302455116653035477054050317534785339909953,17678952877304530882235727208709995356338778943123809943462439620819525,True
BARRIER_COMPARISON,EXTERNAL_RECORD_EVIDENCE,,,,,,,145,230,8088063,53468217778588002883421853867522300159794531140132078990084976626446031,202850228528394144699426486344167292386550492467604976999748729605181,True,1640665427902049131160077485420264743361840735759014513087518709216669054403,53468217778588002883421853867522300159794531140132078990084976626446031,True
BARRIER_COMPARISON,EXTERNAL_RECORD_EVIDENCE,,,,,,,146,232,8088063,161267371629112829123694906085351528660939982041917535289650245407313005,2333987272282823380956968424601758240272428720445411569789877244765367,True,18877436099421629323052960907189770558092540653971876837389423917928708514121,161267371629112829123694906085351528660939982041917535289650245407313005,True
BARRIER_COMPARISON,EXTERNAL_RECORD_EVIDENCE,,,,,,,147,233,8088063,487252988060733769264802096187193098709045500611837799146531998333838663,100215470057906355436149411528249268366177189165848154207107510496805,True,810549035402960250867968917853406362249548175136297319660800592671320138715,487252988060733769264802096187193098709045500611837799146531998333838663,True
BARRIER_COMPARISON,EXTERNAL_RECORD_EVIDENCE,,,,,,,148,235,8088063,1468660710528991871581841044423856321579587610807683783994758519225315285,14104139103754846641177959959138798710000749511838317572946370979089007,True,114075165631932736189185734360992029710804792098967558343997344100243571223441,1468660710528991871581841044423856321579587610807683783994758519225315285,True
BARRIER_COMPARISON,EXTERNAL_RECORD_EVIDENCE,,,,,,,149,237,8088063,4433589116974137869895262156720677066548567268311732898204925654571143039,97526388085589050223011926775632599749611120312878045160139306727661389,True,788799570998693630313884513512703331628638966591137340572051801589649156899507,4433589116974137869895262156720677066548567268311732898204925654571143039,True
BARRIER_COMPARISON,EXTERNAL_RECORD_EVIDENCE,,,,,,,150,238,8088063,13411195292471062630284742563958463606884919548489924879497377351294217853,71723281159469109471123592734032984770397873829181765715217145021406695,True,580102416584499203956344298819201024901018538596473359555916327613273697781785,13411195292471062630284742563958463606884919548489924879497377351294217853,True
BARRIER_COMPARISON,EXTERNAL_RECORD_EVIDENCE,,,,,,,151,240,8088063,40454441760510485932052139879468255635133194132579227008257332829044231031,656881609673003410809195153387828583268064595706450036676052985387375029,True,5312899842576660985839651379895421014672852338143297402988227137151168639178827,40454441760510485932052139879468255635133194132579227008257332829044231031,True
BARRIER_COMPARISON,EXTERNAL_RECORD_EVIDENCE,,,,,,,152,241,8088063,122246748813920649960948068388776226163313324346175490503832801587779002981,203797764240625902844287959420567233976709890243731151906552754869505311,True,1648329156437329461636480205934991284139370125014382911682768794208115734202593,122246748813920649960948068388776226163313324346175490503832801587779002981,True
BARRIER_COMPARISON,EXTERNAL_RECORD_EVIDENCE,,,,,,,153,243,8088063,368507093506540334212427502667071597005767456935402090469620010964629628719,4145087422278646367699458879747538733585097464482431371962870667193755485,True,33525728211897295376674388485307517372176484153874167329612131617115127569275555,368507093506540334212427502667071597005767456935402090469620010964629628719,True
BARRIER_COMPARISON,EXTERNAL_RECORD_EVIDENCE,,,,,,,154,245,8088063,1112588668778734539955615698004186465080612306393708747241346457699059365261,26570038785063013739764756645185964327375163568452245780861461611922224663,True,214900147606033114097082956925932726195562947576946576367091695789308504174497769,1112588668778734539955615698004186465080612306393708747241346457699059365261,True
BARRIER_COMPARISON,EXTERNAL_RECORD_EVIDENCE,,,,,,,155,246,8088063,3366035559372657769140179854024446091495076661531136145053985072317860012199,23171010282280742672628749911784500475646006005336930682692986394402841157,True,187408590936734430423009704897757482270554862269543431588253883616073026656808891,3366035559372657769140179854024446091495076661531136145053985072317860012199,True
BARRIER_COMPARISON,EXTERNAL_RECORD_EVIDENCE,,,,,,,156,248,13421671,10154645784190881605967205082097111666991709469293428241821846615394943869429,182591242992658825111217289782900286439896987416050405367861756065936189135,True,2450679590928522165889296872977749070402058638989368660264074463399249837563744585,10154645784190881605967205082097111666991709469293428241821846615394943869429,True
BARRIER_COMPARISON,EXTERNAL_RECORD_EVIDENCE,,,,,,,157,249,13421671,30690093776864278012088277326386428571001046346680363952105105439950286939615,95460880394710086960327709158513719267855084647992762824454080666897904749,True,1281244530028148927562908564509257988999511821822509673010853425318564268130415579,30690093776864278012088277326386428571001046346680363952105105439950286939615,True
BARRIER_COMPARISON,EXTERNAL_RECORD_EVIDENCE,,,,,,,158,251,13421671,92522594179176100424638156139349472853054974917641250309594447507381771481501,1191008338350663037627631447855915437907237009144295195031624617062515039559,True,15985322075599281922898689802375752411411863655758721634595300205714063293512883089,92522594179176100424638156139349472853054974917641250309594447507381771481501,True
BARRIER_COMPARISON,EXTERNAL_RECORD_EVIDENCE,,,,,,,159,253,13421671,279377033931861366827407765058809167119372268263324384741899867272268957095127,7191527803718120219869487625089243434136398048234153211327923351434830419925,True,96522320168857186329535925842519171011888903728440935366036860336175671837025194675,279377033931861366827407765058809167119372268263324384741899867272268957095127,True
BARRIER_COMPARISON,EXTERNAL_RECORD_EVIDENCE,,,,,,,160,254,13421671,845368107372916362696196481739470495598946178831575689478165700817301441887877,7100572256489836231662089749181741820750446061497389129051572053315350054783,True,95301544738334196745248351785989857925053460140663724249106742132393087685129402393,845368107372916362696196481739470495598946178831575689478165700817301441887877,True
BARRIER_COMPARISON,EXTERNAL_RECORD_EVIDENCE,,,,,,,161,256,13421671,2550578333273413612516535818344497475278497284577932138939429300452893466868623,50249739078798557550879015499717202425568834350902308397019112161924332574333,True,674435465751477314722463906841104883996386882511309336445327904149447118707280570443,2550578333273413612516535818344497475278497284577932138939429300452893466868623,True
BARRIER_COMPARISON,EXTERNAL_RECORD_EVIDENCE,,,,,,,162,257,13421671,7709631044438898935261392947537836379762126846066616698838016693362636965425837,34957127999079477229066061490463699423436518387066361151599752477859868083063,True,469183071108533046220516314590773411104254639176655354543953001439269933514272258273,7709631044438898935261392947537836379762126846066616698838016693362636965425837,True
BARRIER_COMPARISON,EXTERNAL_RECORD_EVIDENCE,,,,,,,163,259,13421671,23244685222554013001207749827622197047139650522865490660553507664095824025917447,336455562471870822534340154488766913976849524492480211533714425449405863529061,True,4515795865617396934555299755637402715082575934244511373215920426335952645757955680931,23244685222554013001207749827622197047139650522865490660553507664095824025917447,True
BARRIER_COMPARISON,EXTERNAL_RECORD_EVIDENCE,,,,,,,164,260,13421671,70197224024611303785317533422901342772832031507259034237818353328319124596312085,83029973517082904214452583396797479104388696152316122285482604284912553467695,True,1114400987684999620090896019451878218168479735875352881311515590935286556413311418345,70197224024611303785317533422901342772832031507259034237818353328319124596312085,True
BARRIER_COMPARISON,EXTERNAL_RECORD_EVIDENCE,,,,,,,165,262,13421671,211518008787732440919341168148773531581322254399102227225770720657020678826055743,2101763348348307839420493510329398962965485843107197391487769156981347734642061,True,28209176181389381227422694553276294508663935341342421120607038148951002430961045503931,211518008787732440919341168148773531581322254399102227225770720657020678826055743,True
BARRIER_COMPARISON,EXTERNAL_RECORD_EVIDENCE,,,,,,,166,264,13421671,638259373218791441011577775966598607795271402706607179726574804659315256626645181,13715983756233160025370023571544222991505736547922588272988592847450483500882087,True,184091421417505673150868109639511522942625790558892713268511079951433578339767581507377,638259373218791441011577775966598607795271402706607179726574804659315256626645181,True
BARRIER_COMPARISON,EXTERNAL_RECORD_EVIDENCE,,,,,,,167,265,13421671,1929599507078750796048950413980907875591032766157023531376774984730958650473847351,11505176423946534047675898552408564564080093569363780424864637036325689314822645,True,154418692759166901578204224999804011161341433537216340178773377835978450831764964539795,1929599507078750796048950413980907875591032766157023531376774984730958650473847351,True
BARRIER_COMPARISON,EXTERNAL_RECORD_EVIDENCE,,,,,,,168,267,13421671,5818441296081005334175285414104947731183535414545474578524426095698901712609365669,93801078961345494199896039981673902513114512856899310062796194121028590320115167,True,1258967221264200940483412882836873148817096176890572619789839857544579920870370453584057,5818441296081005334175285414104947731183535414545474578524426095698901712609365669,True
BARRIER_COMPARISON,EXTERNAL_RECORD_EVIDENCE,,,,,,,169,268,13421671,17573894987622027786639592930963739611192354707934039673149682853120808182579391471,44261038126012914372214742647228872255846609975466055035579450314879681457756573,True,594057091845801878455037817160774985119001025556023462355440676487161489110809120893483,17573894987622027786639592930963739611192354707934039673149682853120808182579391471,True
BARRIER_COMPARISON,EXTERNAL_RECORD_EVIDENCE,,,,,,,170,270,13421671,52958827161624106928146252170189011668860561052397350894601857691410630637240763341,607067511894085879571590982537272287334533687116861915412356615041051223378447575,True,8147860419431007521355515114182013878021578086899459181094479821754641014333031842397825,52958827161624106928146252170189011668860561052397350894601857691410630637240763341,True
BARRIER_COMPARISON,EXTERNAL_RECORD_EVIDENCE,,,,,,,171,272,13421671,159825050279904415057348650019758206347715670871572980184416809602424716269732645735,3718340125746446184534559965994159544271576490112440747459542901508802386156054149,True,49906337833867430108028151993344797324723034301623932719396070634436549231001513446062979,159825050279904415057348650019758206347715670871572980184416809602424716269732645735,True
BARRIER_COMPARISON,EXTERNAL_RECORD_EVIDENCE,,,,,,,172,273,13421671,483269426019841622263685524096039304407682963472242650555695374920045446241239360053,3566470016982584370324531824453107903742827755289902237488736478983812294385316751,True,47867987199304660148238029376839369211535902741169577453737687226619142940994868662710921,483269426019841622263685524096039304407682963472242650555695374920045446241239360053,True
BARRIER_COMPARISON,EXTERNAL_RECORD_EVIDENCE,,,,,,,173,275,13421671,1457396828419781620974335720361647283952120792131775371671976016985678933587800925855,25876510771461261477531891620418065169372286695964546722245993888036626611321641645,True,347306014202509240796406941336908153159874108550913173770114111033238438327003949339088795,1457396828419781620974335720361647283952120792131775371671976016985678933587800925855,True
BARRIER_COMPARISON,EXTERNAL_RECORD_EVIDENCE,,,,,,,174,276,13421671,4402544686700371879656123753379059334772649983255515795035487619859207180219734160349,16921129432329750966362490273019229675541646367514280127618843859769120921302159367,True,227109832189146680982449411185164277378556724343121755674738135686191276964934474613442257,4402544686700371879656123753379059334772649983255515795035487619859207180219734160349,True
BARRIER_COMPARISON,EXTERNAL_RECORD_EVIDENCE,,,,,,,175,278,13421671,13268342462983169672434604444725412970150525163486926745145581997381962299571865246615,172180194061097319831553839995527620691775366543301560461094807187988880589232009237,True,2310945917404202125760891059206613196337801375648600798295422801885621906926958170647975027,13268342462983169672434604444725412970150525163486926745145581997381962299571865246615,True
BARRIER_COMPARISON,EXTERNAL_RECORD_EVIDENCE,,,,,,,176,279,13421671,40047861000477725151168746072529178773781876345342297675593222543363249934366246802117,30873359126859691764796043280703135414724389866869801070331319129240570466393903167,True,414372068865558046028501875015358132204879316468860269801434826348673416652255524713332057,40047861000477725151168746072529178773781876345342297675593222543363249934366246802117,True
BARRIER_COMPARISON,EXTERNAL_RECORD_EVIDENCE,,,,,,,177,281,13421671,120629250224489607721236103694293416048006230745789927907092620732524475874400042530895,1063954523493443610754119083253868859565376589126679163836900162257173854001785958589,True,14280047573290770800593848230255037310231687570360465059573971637662404858214004548601182219,120629250224489607721236103694293416048006230745789927907092620732524475874400042530895,True
BARRIER_COMPARISON,EXTERNAL_RECORD_EVIDENCE,,,,,,,178,283,13421671,363830419565694552234627772989703767050661099076421923242529674607312331908405336090861,7077201354931788974101281063408644391980943445484316534014325306249330132415774872119,True,94987868186648699051814915111600963585163261194896932179400583547452753007670965543648290849,363830419565694552234627772989703767050661099076421923242529674607312331908405336090861,True
BARRIER_COMPARISON,EXTERNAL_RECORD_EVIDENCE,,,,,,,179,284,13421671,1099261934265986572987561166596405376778552924585474327812596273460892612866036842265287,5690252926989534354948147935637781922803575624035833432028476640836756115605656630949,True,76372702692840550555311263651459484137616989649428648535487076104496105290897089039565895779,1099261934265986572987561166596405376778552924585474327812596273460892612866036842265287,True
BARRIER_COMPARISON,EXTERNAL_RECORD_EVIDENCE,,,,,,,180,286,13421671,3313327153935765551530039195043804281588798028468840099607803319660589072879752194781269,48153461056580268199555834316089648274689236296941732636114428478332736910100305863663,True,646299911812732744866200754321065265648596556818810241611890577389212623336922882301455640873,3313327153935765551530039195043804281588798028468840099607803319660589072879752194781269,True
BARRIER_COMPARISON,EXTERNAL_RECORD_EVIDENCE,,,,,,,181,287,13421671,10002146866358519984859540366149765449778951104256188763503467956093412155765823256285439,20129574067294144059821940911563734798953671191488268548227291211708336477167573707725,True,270172520501353861797534409496448544002807318974333540813954335864740640153842186173335108475,10002146866358519984859540366149765449778951104256188763503467956093412155765823256285439,True
BARRIER_COMPARISON,EXTERNAL_RECORD_EVIDENCE,,,,,,,182,289,20638335,30130771408178006615117466660486001559361967350467903219870519862503526341550603112739581,309050340406775753257156946808101624447089088973138664364913862081704757937769408889703,True,6378284457179074265598546215802782039383214393072441756615654531786020165413594213417668564505,30130771408178006615117466660486001559361967350467903219870519862503526341550603112739581,True
BARRIER_COMPARISON,EXTERNAL_RECORD_EVIDENCE,,,,,,,183,291,20638335,90889637460943806487507782229604825518186358202201057377052023564403738521664342713751799,1921797494039900544082235336717946553542179568514111427975669540031433267838374977735221,True,39662700484155970795451440428022781484098938565149683877890239816464630311793108646117032297035,90889637460943806487507782229604825518186358202201057377052023564403738521664342713751799,True
BARRIER_COMPARISON,EXTERNAL_RECORD_EVIDENCE,,,,,,,184,292,20638335,274658205328470566031144875681401759914960899209792563000917926600783853553043161643387621,1786806590841408495003648024979272939822889499163552544403296804949023827414857928941215,True,36876713001992920391731114161610602988499634151719617201497614564967611673170021914894990477025,274658205328470566031144875681401759914960899209792563000917926600783853553043161643387621,True
BARRIER_COMPARISON,EXTERNAL_RECORD_EVIDENCE,,,,,,,185,294,26716671,827953201876689991230677685029379846465686346835756470742277491617496836635229751934427311,13317591555080811759497060045286952261075966910248221112257314045137623434445107795352541,True,355801712089472426191414078697176604151872713947988251791432726687621035019960012527969166911011,827953201876689991230677685029379846465686346835756470742277491617496836635229751934427311,True
BARRIER_COMPARISON,EXTERNAL_RECORD_EVIDENCE,,,,,,,186,295,26716671,2499773949195183146241005287028837806280273637332784539184927322113071613810090323820339725,8124087535016090180546716254464323016798707079714409420582247614250662494533187351942039,True,217048573848225861059997218300875599277538530274100650448996537950469861398482465063196667032169,2499773949195183146241005287028837806280273637332784539184927322113071613810090323820339725,True
BARRIER_COMPARISON,EXTERNAL_RECORD_EVIDENCE,,,,,,,187,297,26716671,7531150534715775783820960324967909952607250105649383871470971660860377049239073107495134759,88029636865500960737529076526186036583254508541203736094126131885076403101203834124057285,True,2351858846385060418208481690483935224188774813962030161197592898076196071518242540231011668498235,7531150534715775783820960324967909952607250105649383871470971660860377049239073107495134759,True
BARRIER_COMPARISON,EXTERNAL_RECORD_EVIDENCE,,,,,,,188,298,26716671,22720766352668232731854658830429315992887467091552272630077673760665779978952427866621866613,9459413554692121429031518527385839618329976415369176952860839485931546833194414099247183,True,252724039793649914511484929126571967141687549327177644190365557329442265263547040527348335887793,22720766352668232731854658830429315992887467091552272630077673760665779978952427866621866613,True
BARRIER_COMPARISON,EXTERNAL_RECORD_EVIDENCE,,,,,,,189,300,56924955,68416928555046508956347532202339120248793834823865059921562538838166637599327700688138524511,537637234747697885854205977684502059117857027662591593517617630796389965440417418843590893,True,30604975394337138505845811840421283912691350996126781644368675340291112945147316748887563622434815,68416928555046508956347532202339120248793834823865059921562538838166637599327700688138524511,True
BARRIER_COMPARISON,EXTERNAL_RECORD_EVIDENCE,,,,,,,190,302,56924955,206269303653306769912176819451222049826907238668428147890005686739177103447864770417507272221,3649947680577579743831063621462884338405039476653711031188993341743551196084588962714170055,True,207773107469233100926494824253911725133911643981736051033437042474051273377311402896000808243222525,206269303653306769912176819451222049826907238668428147890005686739177103447864770417507272221,True
BARRIER_COMPARISON,EXTERNAL_RECORD_EVIDENCE,,,,,,,191,303,56924955,622881982912589281909067349730484905802824652792616316171289341116240072943120984664888611415,2801699136394794886419408110751140371009244855297388091022418227813128389200420063408920661,True,159486597262812561143654917831143681818384567971785328698987061609442081964456398090649955225995255,622881982912589281909067349730484905802824652792616316171289341116240072943120984664888611415,True
BARRIER_COMPARISON,EXTERNAL_RECORD_EVIDENCE,,,,,,,192,305,56924955,1876794092643105790072275831945092230052679831952512693516412585146137744028416300819399423749,24701385219860273349405789839528446401439481715219654278156378278274435565707953839693940991,True,1406125242078211166702623863354614032621854431862201634899609316453749722228324815466654804685330405,1876794092643105790072275831945092230052679831952512693516412585146137744028416300819399423749,True
BARRIER_COMPARISON,EXTERNAL_RECORD_EVIDENCE,,,,,,,193,306,56924955,5662974853550669147597122626849826740734862990156193060559416002628083332881462289757132629263,8919004416877265287627107489485238050671456548349002814112640455483105104697086921213106941,True,507713925075539567021235150619110149198760383799222309488235422859555261345151961621144658026612655,5662974853550669147597122626849826740734862990156193060559416002628083332881462289757132629263,True
BARRIER_COMPARISON,EXTERNAL_RECORD_EVIDENCE,,,,,,,194,308,56924955,17054109711894710997551958142578580323358235959065889141698604502263590200236813643869266603821,157127315736038905384061846526655916459308346839666928483050910125129718498944809959376752887,True,8944465377544806567236978330746794344929886974972432118885891321582053594715100854421073486138595085,17054109711894710997551958142578580323358235959065889141698604502263590200236813643869266603821,True
BARRIER_COMPARISON,EXTERNAL_RECORD_EVIDENCE,,,,,,,195,310,63728127,51423069740654947211698235475852141374689295831586907265177239484308131407080148029999274675591,992863157149745154236907635812768558607100949297480465612004685410110768236248626661079986917,True,63273309372459917206844237902345862924520272398650395892540967316410586122227218483432891363404914459,51423069740654947211698235475852141374689295831586907265177239484308131407080148029999274675591,True
BARRIER_COMPARISON,EXTERNAL_RECORD_EVIDENCE,,,,,,,196,311,63728127,155312171641848098511264150620022025742526239312317681155857422362993837446719272483563723483285,892664631682721710371834522507102438904599212778522676184606236091445853751089092851441047727,True,56887845016284712864233487673316982628522039516049715980272461658627644981472832097551427222559317329,155312171641848098511264150620022025742526239312317681155857422362993837446719272483563723483285,True
BARRIER_COMPARISON,EXTERNAL_RECORD_EVIDENCE,,,,,,,197,313,63728127,468022439765310809286131340244997280464495421572066962188223674909120398791115474237822969362879,6849843574581192635793280337383713790547204908563405469856634348552110463168580852817920969229,True,436527701251044216105298915087392160175643673907952091335518265557091161714836142998148775402988804083,468022439765310809286131340244997280464495421572066962188223674909120398791115474237822969362879,True
BARRIER_COMPARISON,EXTERNAL_RECORD_EVIDENCE,,,,,,,198,314,63728127,1412411018654998482867749574274716654341153079256656561447276656007916742177177049861996103740733,3862132005611467888668733932701515476307985644778866644358640484545239781844488261399371603495,True,246126438944372338265502936992411631366620800284644500427751274346440578062837842172468351267723003865,1412411018654998482867749574274716654341153079256656561447276656007916742177177049861996103740733,True
BARRIER_COMPARISON,EXTERNAL_RECORD_EVIDENCE,,,,,,,199,316,63728127,4253920454683127558621959829903599588918792866850881034107041230584861318139192403883042702526391,44961193453098623703428415957003798219591215096159299463498446575857902560855973378306897418869,True,2865292646450637634897296427516764592420482843732357048440860867688987548351854700161361003685655828363,4253920454683127558621959829903599588918792866850881034107041230584861318139192403883042702526391,True
BARRIER_COMPARISON,EXTERNAL_RECORD_EVIDENCE,,,,,,,200,317,63728127,12828510958921911115940723918028597270337713116876288501381968741999028320848222228837345672795941,1384390614238990960596391235414387496104612641187100268805239238684974821277885758485561823071,True,88224620881830424288738816392174983978966759683376956692154424468299388402199405908259211527020218017,12828510958921911115940723918028597270337713116876288501381968741999028320848222228837345672795941,True
BARRIER_COMPARISON,EXTERNAL_RECORD_EVIDENCE,,,,,,,201,319,63728127,38619032066510790227971860610721388818175808383276156302267596326485973695405956720888472148821359,271151551332830733181166886977437176813651903218142897049795918693832390186413726028326946336285,True,17279980499585656233672517381492762538501863822077519247337319630602224678513327606876425233640955188195,38619032066510790227971860610721388818175808383276156302267596326485973695405956720888472148821359,True
BARRIER_COMPARISON,EXTERNAL_RECORD_EVIDENCE,,,,,,,202,321,63728127,116391092958512598204514337258706554483178101280417632099289549381413476017663030300171156968198221,1881448171958947240741011514017087587742307970832755076122908559992607033449561453096461882477143,True,119901168046517628544242755873743237961765445638342111251055384320595980088766900377235866097162443701161,116391092958512598204514337258706554483178101280417632099289549381413476017663030300171156968198221,True
BARRIER_COMPARISON,EXTERNAL_RECORD_EVIDENCE,,,,,,,203,322,63728127,351309265911458704695938033482289215564137008363609549067815689752062647778769731450536432991531239,1372370444035021557432991129712158534021514867784959688474642464333381648787403259243461473558277,True,87458597948510246259827452704169912500256920226588119716992451246630716053393030905281236706529018557179,351309265911458704695938033482289215564137008363609549067815689752062647778769731450536432991531239,True
BARRIER_COMPARISON,EXTERNAL_RECORD_EVIDENCE,,,,,,,204,324,63728127,1058199771806217934252604143859206750921616434135541952743341152471832382787870475451655223148466869,12661059475788705001879060213814684060475362692781490145212093824289023849484771977822232768421135,True,806865606227616017525283987946629340270849594056640787223324757170206596585994433168696433289503680764145,1058199771806217934252604143859206750921616434135541952743341152471832382787870475451655223148466869,True
BARRIER_COMPARISON,EXTERNAL_RECORD_EVIDENCE,,,,,,,205,325,63728127,3191687211706021083416972605226976669681670938585479080389599790278074906169856550755149366140893215,3807385852631553687316833342731218347782815720638026116483615747711555935964067133099304914278189,True,242637569154506937592645444503409609732233448662416649380584657789361996054721937694678407188844541922003,3191687211706021083416972605226976669681670938585479080389599790278074906169856550755149366140893215,True
BARRIER_COMPARISON,EXTERNAL_RECORD_EVIDENCE,,,,,,,206,327,63728127,9609237427692797811569238162979642842878656088114143685487952036559380234122059901065815491813664861,79773742707363783698591194625619322710634991877326966987756178693445699032872699000032701524804999,True,5083831206520203042744349372183185651357331013002261372720533200810601575570688536706857006925866626506873,9609237427692797811569238162979642842878656088114143685487952036559380234122059901065815491813664861,True
BARRIER_COMPARISON,EXTERNAL_RECORD_EVIDENCE,,,,,,,207,329,63728127,28964415453377331679980995878133779863970541353773256833740466772578762764816140698398916049004935447,512727568719967841642336362266560638801051154493632455516489861881581221998540087403037251702296725,True,32675167615787338048098700271241384242714515707066829816476716512201867076338156504611858162214931882484075,28964415453377331679980995878133779863970541353773256833740466772578762764816140698398916049004935447,True
BARRIER_COMPARISON,EXTERNAL_RECORD_EVIDENCE,,,,,,,208,330,63728127,87440059041327748021036113191180744933249916419043073610327842969338776544248266076002626441270569797,444557343768397562740757973240871233726568748034291148336584282439767166395932300597355166595363263,True,28330806862455098464833492194956843573573456448960306656169681897525351830510105935870425920895467635598401,87440059041327748021036113191180744933249916419043073610327842969338776544248266076002626441270569797,True
BARRIER_COMPARISON,EXTERNAL_RECORD_EVIDENCE,,,,,,,209,332,63728127,263413802486374750025294590687101045482426333972575827049196414211221306132344486189619635912323236303,3520922756088204612594776146840235066532875674996085881435523453729254498387172825015578676809143613,True,224381812557179126753425693822405149029860550691361285555029980970736554288539044963541574894185058930502851,263413802486374750025294590687101045482426333972575827049196414211221306132344486189619635912323236303,True
BARRIER_COMPARISON,EXTERNAL_RECORD_EVIDENCE,,,,,,,210,333,63728127,794615908908690273924628776515538379177985340779513906020440783846483824395432210415305934091015816557,1813765369132566140294319532050219738185949301415407898603487935547951498364014782152683322335215543,True,115587869792282054824576212517076973853020926696162394319006201799567667677582226266903536156560552696677961,794615908908690273924628776515538379177985340779513906020440783846483824395432210415305934091015816557,True
BARRIER_COMPARISON,EXTERNAL_RECORD_EVIDENCE,,,,,,,211,335,63728127,2392596729625202869471376338455085622995368700062114567807025433965091285183094134938811854981139664967,22939301905661793815862976413091630137383203351391923187216628657923478488687051732246155383190077221,True,1461878745135356815345130375451507868032184230844330107649186087623986993408816496048152985521670906279695067,2392596729625202869471376338455085622995368700062114567807025433965091285183094134938811854981139664967,True
BARRIER_COMPARISON,EXTERNAL_RECORD_EVIDENCE,,,,,,,212,337,63728127,7212786200472136799204089050999138810831756811080635102403888631597833103536472419588011775775787856085,138809928910041763027509000507038774103451031842758567527274545378888931440441184739890887814307954031,True,8846096778440113049520998077955631389989038495556362021716228191773096941730728757134228464772969711597729937,7212786200472136799204089050999138810831756811080635102403888631597833103536472419588011775775787856085,True
BARRIER_COMPARISON,EXTERNAL_RECORD_EVIDENCE,,,,,,,213,338,63728127,21778342647802523160772107295532944199877873276819070903142915213603736302558177317850340170656839012991,136461693957899762762846716450060787545147408373944510719324998516192810423803436047062976783972972621,True,8696448163184168734620566427462463026397172274575599270074004859714746979175069195443607361487081163758610867,21778342647802523160772107295532944199877873276819070903142915213603736302558177317850340170656839012991,True
BARRIER_COMPARISON,EXTERNAL_RECORD_EVIDENCE,,,,,,,214,340,63728127,65614996036179795008636002171669888134398825517611543901291244278431682891572052071723630198629467928445,969321267418150340927900719492293432165853599430495915882972270789526399066450544486408303669820696807,True,61773028833824847031746554895196251366331403247913771400371374010353328629559441738248978150124899433344990489,65614996036179795008636002171669888134398825517611543901291244278431682891572052071723630198629467928445,True
BARRIER_COMPARISON,EXTERNAL_RECORD_EVIDENCE,,,,,,,215,341,63728127,197964860479628287131186727655293886542257299301451956471323727385776944610306236687861329342524207343223,668219060076646812226259877908436018375915301056838212748927711404787326019190688078347417737854974645,True,42584349124385177783700242234353304950434664046993419840516684306223635120541388607074310187720074531758339915,197964860479628287131186727655293886542257299301451956471323727385776944610306236687861329342524207343223,True
BARRIER_COMPARISON,EXTERNAL_RECORD_EVIDENCE,,,,,,,216,343,63728127,596134326181062665604117625246450103904893543401590518948871171258294625702098871008964865520844229145445,6484146664585548857793664194862196611371036897639813708046761336141945720417893954996797239756779155487,True,413222522127334259974179571605530813148423083534476048242744928368343606897898039036568179088469471131828282849,596134326181062665604117625246450103904893543401590518948871171258294625702098871008964865520844229145445,True
BARRIER_COMPARISON,EXTERNAL_RECORD_EVIDENCE,,,,,,,217,344,63728127,1797361957511899213654582644861624088827167212193710154986213470178739044591017256808418106535619115899439,1534482056334212888921454340039035609139946715042244844940371200715502191812394301943371773097480540253,True,97789667365287873430223335206708846256792885029444989843455283306340014548598624248323543164171423249271796131,1797361957511899213654582644861624088827167212193710154986213470178739044591017256808418106535619115899439,True
BARRIER_COMPARISON,EXTERNAL_RECORD_EVIDENCE,,,,,,,218,346,63728127,5410003830473120074648207472829419820706474800559007661237840323343927468742493057988301339553030204624525,40439362043847506035683439509212215277366168100881127093220939217567176514319758031924155211638155473175,True,2577124800129293433275300764839893725147331386236301279299924853516401655935986858467732617694988250040241493225,5410003830473120074648207472829419820706474800559007661237840323343927468742493057988301339553030204624525,True
BARRIER_COMPARISON,EXTERNAL_RECORD_EVIDENCE,,,,,,,219,348,63728127,16301683323169049958682460571466449679019317057588531768830320621262623746105244324217092098443782041578407,264661749630921987582726624484017079631883816125660951513262120114384209298489574600148625204297321829189,True,16866397592521599551764425331398749920949805083300769076978010574938731416968724518294245805894860671290428899003,16301683323169049958682460571466449679019317057588531768830320621262623746105244324217092098443782041578407,True
BARRIER_COMPARISON,EXTERNAL_RECORD_EVIDENCE,,,,,,,220,349,63728127,49191737296505908814998734326312109904657521796411630446958160468711236597826793573660028614470111835554549,220610594895248084845474649626529503696510201084912573605389150496421908873347521782941237335360543848911,True,14059100009029921647539183846679974780818171551534846274621087667258088454263117783318545606444998329192469019697,49191737296505908814998734326312109904657521796411630446958160468711236597826793573660028614470111835554549,True
BARRIER_COMPARISON,EXTERNAL_RECORD_EVIDENCE,,,,,,,221,351,63728127,148148586543515244322898908202761851449171706636526961621808878615980440512502501922997590481687866928302303,1808581092680780010341834396530631981487813097838878282684961871182727164664284969383832988561144474824045,True,115257485564159518958125735835072474306517002051339460736489151116890476956075464893084020441814162356935042413715,148148586543515244322898908202761851449171706636526961621808878615980440512502501922997590481687866928302303,True
BARRIER_COMPARISON,EXTERNAL_RECORD_EVIDENCE,,,,,,,222,352,63728127,446739258246535804480307545503587641288311684898749165989164224687328244413595990577062789998173726471461533,838746046062197007803861398987722062870309315180072600579707934774335741815885292011461859463182051362887,True,53451714544199540812344470325087223063301056567078694558963900890206584495081948506738526835525817593374585822649,446739258246535804480307545503587641288311684898749165989164224687328244413595990577062789998173726471461533,True
BARRIER_COMPARISON,EXTERNAL_RECORD_EVIDENCE,,,,,,,223,354,63728127,1344804771971587556464144278301367097746528184674584060214967851740758578992964941347328407100741430787493847,11690232602146877069854867778171513951797187902213342296689479161870698729801595108314459790830048900307157,True,744996627929156654561098885335522068902403068875115458977898807591549446231534737865242649486410791734984840304939,1344804771971587556464144278301367097746528184674584060214967851740758578992964941347328407100741430787493847,True
BARRIER_COMPARISON,EXTERNAL_RECORD_EVIDENCE,,,,,,,224,356,63728127,4052762304842683241485319402066517988765957073937098429634804265937371119987602702506545369727105297854918533,71766675662281775395337737659347932908136603533332524869869858915802862206820542254063676222252157685795455,True,4573555820973702092179558553447607805557208803320863878137724842458367109679759782975836224378565731024398852262785,4052762304842683241485319402066517988765957073937098429634804265937371119987602702506545369727105297854918533,True
BARRIER_COMPARISON,EXTERNAL_RECORD_EVIDENCE,,,,,,,225,357,63728127,12231678870239732012827504474849220748403361301464680284864015640672494891997639621377876702880839915534503567,68516115563480749442920675678710234513429651293227582690403891026645522550798599045709841267708429117890429,True,4366403714176177762553628070578657021271628023180521629597060848640226245098657071407075569458363769795419231396483,12231678870239732012827504474849220748403361301464680284864015640672494891997639621377876702880839915534503567,True
BARRIER_COMPARISON,EXTERNAL_RECORD_EVIDENCE,,,,,,,226,359,63728127,36841820522142560615225605961846995809421064063700810846511252607738247740062581891850111296041567790543006637,499116169537171401814947101634797831962249272493222731909623044521462695791721852570091898601221375232663159,True,31807738640018390315630979391264303854614880843105704898423409903390428903177215769262092915729758155941812344973193,36841820522142560615225605961846995809421064063700810846511252607738247740062581891850111296041567790543006637,True
BARRIER_COMPARISON,EXTERNAL_RECORD_EVIDENCE,,,,,,,227,360,63728127,111112597212121140152649188034738321685107112828329512507210580566097795476466397786416258637720895547387003655,323077217224597591500101006509724982198906543025508260375223647798283574817861335978426196611279774182021989,True,20589105930095742835012557455679580400644655435060554656741320280292286038006669087622813917770607081603218431784603,111112597212121140152649188034738321685107112828329512507210580566097795476466397786416258637720895547387003655,True
BARRIER_COMPARISON,EXTERNAL_RECORD_EVIDENCE,,,,,,,228,362,63728127,334512062927750337071892304402609633569009179759442697456985387184059490941956497580980625412355070993676978453,3317774234447626002389783616318511973972402177984844651832961914927059749568192451398977588218608025578000943,True,211435537770206084728798433803265403528333940493694784047281779700634859457069963703195371412149156017254092501623761,334512062927750337071892304402609633569009179759442697456985387184059490941956497580980625412355070993676978453,True
BARRIER_COMPARISON,EXTERNAL_RECORD_EVIDENCE,,,,,,,229,363,63728127,1008233273948798677671455874401407574761778904376144732112370743495242890876098709629869274233834750387094805311,559152372247545095611428461798187812414476338321254472669721858652343148246143580342136771116749264606262925,True,35633733390942829291352255664889561279401924727031871833614063662872572999010065348278395601098128961984528679791475,1008233273948798677671455874401407574761778904376144732112370743495242890876098709629869274233834750387094805311,True
BARRIER_COMPARISON,EXTERNAL_RECORD_EVIDENCE,,,,,,,230,365,63728127,3034093992177491365925925545591380072394839443324067475819941394371857508728754562663462618695043325973412155837,20465797778933301109950130159709259656248889406230322383667493348214701645655298288736002300428397418074268583,True,1304246960012179337664142858484481982449405567689200576117304741866681729741429847567450624073993065065509083689534041,3034093992177491365925925545591380072394839443324067475819941394371857508728754562663462618695043325973412155837,True
BARRIER_COMPARISON,EXTERNAL_RECORD_EVIDENCE,,,,,,,231,367,63728127,9139858657856855429424008326322769609622529250754735545391140838660087870588097423085807040059286277168747427127,136550755985562566622313769576386563844768509783757203013635791133674793740633365057046374849597790751244724981,True,8702123919393941412152772941412699141793015877100021570817764429112301232201888148792813621304773907914749241669240587,9139858657856855429424008326322769609622529250754735545391140838660087870588097423085807040059286277168747427127,True
BARRIER_COMPARISON,EXTERNAL_RECORD_EVIDENCE,,,,,,,232,368,63728127,27569882698868091614856951737162826398619631435394339107898689138158324989371627209639097856074484028500286119845,109038817361637046697087792340124552030218163091006665590374129044901626007230214407785652755542978265646498015,True,6948839600752210639816941360401084647599850935170385342589892473287879524695270022016593867583142872871359762605167905,27569882698868091614856951737162826398619631435394339107898689138158324989371627209639097856074484028500286119845,True
BARRIER_COMPARISON,EXTERNAL_RECORD_EVIDENCE,,,,,,,233,370,63728127,83010261547199325497740708727877514335362981672443282267146600658831097723329551509680647040016702479488946036463,928343353275012446430970409798443935098829221793549883672188875846950388451030404750063901853129722773114847901,True,59161583117115859112733579008877279498357946197770514767496479047961686917906598914773475595411786320359855212620611427,83010261547199325497740708727877514335362981672443282267146600658831097723329551509680647040016702479488946036463,True
BARRIER_COMPARISON,EXTERNAL_RECORD_EVIDENCE,,,,,,,234,371,63728127,250233238443978179105901540249188683564105294482370906575241934953917784190847334052095355007223109014419188817101,380122455064632113934083098283050689263788735298530103412300672691869123635732168143363931213386016414643128279,True,24224492091910668565069717315935736272840265024274109343582230631492867378436641349425650815585928154096461938641403433,250233238443978179105901540249188683564105294482370906575241934953917784190847334052095355007223109014419188817101,True
BARRIER_COMPARISON,EXTERNAL_RECORD_EVIDENCE,,,,,,,235,373,63728127,753104622936694942543063448878678331808348582377194839273330070816602334614259361202392892796015330195162267866727,5950182574714706792519905557073714299856764066059829405445433927773571454341914596643747342332164353053332215685,True,379193990794605823241471191369199413262987942210897197948561104919262988885876234838066504388056646076255593214365071995,753104622936694942543063448878678331808348582377194839273330070816602334614259361202392892796015330195162267866727,True
BARRIER_COMPARISON,EXTERNAL_RECORD_EVIDENCE,,,,,,,236,375,63728127,2268933499229126448530625659160484119889176542851912996010407276269202932009647519791605989485430003193105609261877,37089808562227362180430341720119391827831883638836444597170429422112570696764616158785864221764518274397607970447,True,2363664030459312739909461731793167057566832415184991073516940966856926513659893947673357720929365384684631609236858662769,2268933499229126448530625659160484119889176542851912996010407276269202932009647519791605989485430003193105609261877,True
BARRIER_COMPARISON,EXTERNAL_RECORD_EVIDENCE,,,,,,,237,376,63728127,6845279019363545829197618227579248857524052811437052900792890084085192508696420304112527212845826060009792050432415,34312382334349119329808524964765179770449285153881508268174777711170286755338359000939103886221453962242378617773,True,2186663859075957138988192564637225901589022891345775301865792292174229352970620870383440331727314368230435509335522201171,6845279019363545829197618227579248857524052811437052900792890084085192508696420304112527212845826060009792050432415,True
BARRIER_COMPARISON,EXTERNAL_RECORD_EVIDENCE,,,,,,,238,378,217740015,20612794101442970454804337182933339568285204800073786527902006762810744951424216401813000127316550280890326596590813,256851233707713292412390575285481530737440586986900175851197354243845710935926055953654289216808563608628026440455,True,55926791480285997905573310048519377784993274472136449093342349681015278756874203462239524238882234892271120606565068306825,20612794101442970454804337182933339568285204800073786527902006762810744951424216401813000127316550280890326596590813,True
BARRIER_COMPARISON,EXTERNAL_RECORD_EVIDENCE,,,,,,,239,379,217740015,62146210477738243233258941549582390687707799863271870885799366330652904555612471163340674337065939246114781570946711,154897354304476139545311724291700626507950834859677923366899978290197730128134252057614957417848883938280516972821,True,33727352249716949191738268026950758791350612401608793929077651776407328111065903965038861692386777256454458839869799132315,62146210477738243233258941549582390687707799863271870885799366330652904555612471163340674337065939246114781570946711,True
BARRIER_COMPARISON,EXTERNAL_RECORD_EVIDENCE,,,,,,,240,381,217740015,187054287780033393437468684650311916028827770515916635261584791076400053069517057405825370921430394545231948275188677,1696004756550755894019655176004589810932594356781078978474084103753271995743690587779540692718700265590048675615551,True,369288101131432936625178128318067025501310259234427488489131749862499000652311124738476007125680186610081182479260208973265,187054287780033393437468684650311916028827770515916635261584791076400053069517057405825370921430394545231948275188677,True
BARRIER_COMPARISON,EXTERNAL_RECORD_EVIDENCE,,,,,,,241,382,217740015,563625488727374835263173493957194723949300795252153996201501141566965516819269747880689504405221490863246259074960207,162763495102957780524085515495817707162815661535056101928715635729100765793920436911838796295486341669317528058301,True,35440125865170453675681088005342079994897089584878038659800071454388936680479722841990333182961140467372323599177380614515,563625488727374835263173493957194723949300795252153996201501141566965516819269747880689504405221490863246259074960207,True
BARRIER_COMPARISON,EXTERNAL_RECORD_EVIDENCE,,,,,,,242,384,217740015,1695801716956673815691055361884102123573537353165270169437996961376427265679246394968495296497525087044839605723668973,10338792034407493144642016571523356572758381802221529972773220258248732740256063963589082952607687935209609581751607,True,2251168732653768073426749857913744233002758644991442969594590570629382940594346471272846375937042260127859418474738634454105,1695801716956673815691055361884102123573537353165270169437996961376427265679246394968495296497525087044839605723668973,True
BARRIER_COMPARISON,EXTERNAL_RECORD_EVIDENCE,,,,,,,243,386,217740015,5107106153968218686679305605702378177623151929131043231647965030831404657923487790211193022620017718954922131166160327,70418382299616958646205089814713683523354884677130036586267954178991919992265402502181515112707979446435456735561637,True,15332899618194331069879075949332104671080545439921564323244533136953013343994668624806040633363762135286548046133041873804555,5107106153968218686679305605702378177623151929131043231647965030831404657923487790211193022620017718954922131166160327,True
BARRIER_COMPARISON,EXTERNAL_RECORD_EVIDENCE,,,,,,,244,387,217740015,15400122474297445018462474897307421760479615265934060588279791679302705417313457791856407600369822988146379649479094613,53647122113272959089499109043566595349745696949528323087010688919992872890807365060887480318584275776079858245457647,True,11681125173650885811241922345632826124952558299975751311890553710599581943137489030468115877880744986247764975563821739644705,15400122474297445018462474897307421760479615265934060588279791679302705417313457791856407600369822988146379649479094613,True
BARRIER_COMPARISON,EXTERNAL_RECORD_EVIDENCE,,,,,,,245,389,217740015,46357975447677912972236540852322839736659164754884043551511168211525099139026362218014879866129008627002365460398511103,476157415910974710966729647931848696489875005012308542604618413993944392844399780073976570994832152454692598658827469,True,103678522882816872230516378041625454151435830939505137251357752532317662007105500779304359678063317797967053252362072982472035,46357975447677912972236540852322839736659164754884043551511168211525099139026362218014879866129008627002365460398511103,True
BARRIER_COMPARISON,EXTERNAL_RECORD_EVIDENCE,,,,,,,246,390,217740015,139704358442176050584106087198570817030858770092979577801220677329043228965423042023827267858465184531260002429040442365,167608049448300798107259660590950447707073358382031334439509853045970081845288600656673192828179156858265700286664295,True,36494979200993757504386690105968459347994868660203878491328891994877321310544367586313030856505622037006126454403787893264425,139704358442176050584106087198570817030858770092979577801220677329043228965423042023827267858465184531260002429040442365,True
BARRIER_COMPARISON,EXTERNAL_RECORD_EVIDENCE,,,,,,,247,392,217740015,420373939524812775087111190878917046734338861935593627697036377376065549992957036811047060095551870894285819382811145207,3024552544914149063907637548182042626646323388455882590067220337009636438911687281100532618797172071586421292239629109,True,658566116497894990887484958355721184256609854297234701999475407188783293353177372262139188924885528824808445968576225788096635,420373939524812775087111190878917046734338861935593627697036377376065549992957036811047060095551870894285819382811145207,True
BARRIER_COMPARISON,EXTERNAL_RECORD_EVIDENCE,,,,,,,248,394,217740015,1266165275367576818600505289769569522770066792433400460264606513683940102365622753391402206367280881884880706531192708069,19160571221019433870066346910182893014039383418606802117196424122515814090238347759823650017642054618805760642237432223,True,4172023065073339846159754427218426777620330556158196372100381146382955197745709194799217952196131237329585604327188125797503345,1266165275367576818600505289769569522770066792433400460264606513683940102365622753391402206367280881884880706531192708069,True
BARRIER_COMPARISON,EXTERNAL_RECORD_EVIDENCE,,,,,,,249,395,217740015,3818669653275284429158202737839982098578401203806679689487809067274794116643874832007250723424343722462735113124615213999,17134059317950354896825303668001618505716497242863788963610219921599823176701899613382741407924010240231294864638117085,True,3730770332901400044490065073050227433458987695408620051893323739882444322492419272346452314902495108568115747295726583659656275,3818669653275284429158202737839982098578401203806679689487809067274794116643874832007250723424343722462735113124615213999,True
BARRIER_COMPARISON,EXTERNAL_RECORD_EVIDENCE,,,,,,,250,397,1200991791,11496356614170961234187981950582493356271605264432995685851406254270329969025637639687840378918033321004391326435919821581,132097486644066958117223385129098976589952797754504601666788764656694707718131986172324641513776337953065858718062710423,True,158647997071256555553126101253279346111034483180643259873538223683721277162620857247487405845063195291673839602759098641233137593,11496356614170961234187981950582493356271605264432995685851406254270329969025637639687840378918033321004391326435919821581,True
BARRIER_COMPARISON,EXTERNAL_RECORD_EVIDENCE,,,,,,,251,398,1200991791,34650460459893315489417440799997668310960422405350813527106134972594780383452965493727873971334108577477917927556056183079,73511225171337300644680258886920445478645169159860865896533874402503170402290809188268255381311784929709679657594694597,True,88286377977128666566359998742946252289915913962799266643889038510831337504625429429857548218847028512138837282010919016149053227,34650460459893315489417440799997668310960422405350813527106134972594780383452965493727873971334108577477917927556056183079,True
BARRIER_COMPARISON,EXTERNAL_RECORD_EVIDENCE,,,,,,,252,400,1827397567,104274162614440810041959312296493381417172480440156093520422237337351922103111001630512327583162342961363241679164761985909,866096145035739049348020569661514305018361955686888475897266462342671416711082726222216104463969812648104831965970957135,True,1582701988226388666825465725265405254526250528147581814655002875235694867178275715834204810645676274794592597095559153861160290545,104274162614440810041959312296493381417172480440156093520422237337351922103111001630512327583162342961363241679164761985909,True
BARRIER_COMPARISON,EXTERNAL_RECORD_EVIDENCE,,,,,,,253,401,1827397567,314113612782365884420705896475481650188682294216882892317682041690326090120341425488851805426127097799807676623480659704415,16038557020308558388142536981531040725380074231441914861140030487366628116406984037002960111771606508411323925165378029,True,29308820077102629187769113729257347756537462800816350119068434558919600456915915411027047280049481793152218376096101882829855443,314113612782365884420705896475481650188682294216882892317682041690326090120341425488851805426127097799807676623480659704415,True
BARRIER_COMPARISON,EXTERNAL_RECORD_EVIDENCE,,,,,,,254,403,1827397567,944923088225184561851773608598447962440376588443477900465876784427518917983041117661185061631661431230858933042414726606621,5212615427234742854476265954950616870835551808352772770244738804543395128382903341370299586895590482397040315720991120839,True,9525520749435434630140563465321688874914040631686307238049085685973088803526570210416255911154107130560707800949451025049791598713,944923088225184561851773608598447962440376588443477900465876784427518917983041117661185061631661431230858933042414726606621,True
BARRIER_COMPARISON,EXTERNAL_RECORD_EVIDENCE,,,,,,,255,405,1827397567,2845098264187901319913944502483355934818448588501750595448952990708719344437190717762073766308104845018320411815135169793367,36295845306399497280676151240875945607144301767692106413379491265955366361283439581148061586927874098678346322944953309525,True,66326939405122810860730714892500733951319834868194354464914778587104586419203000487981466810718156132407127986133003952754582925675,2845098264187901319913944502483355934818448588501750595448952990708719344437190717762073766308104845018320411815135169793367,True
BARRIER_COMPARISON,EXTERNAL_RECORD_EVIDENCE,,,,,,,256,406,1827397567,8576610790613094497176328214202115994444621058190519362552149521830808395263841612400295624576796740357935686196969469274117,26255539820417416973039040218531456842882319932541166829557374388565375179311400515295533455819211690086137465706940140543,True,47979309588102404700956046691359532547648652712041332391674249644572479223115842037013604123131129434321365625260408347842916258881,8576610790613094497176328214202115994444621058190519362552149521830808395263841612400295624576796740357935686196969469274117,True
BARRIER_COMPARISON,EXTERNAL_RECORD_EVIDENCE,,,,,,,257,408,1827397567,25812464367938064566397974056110444363312413759942093240067029664901725909696063755429035525035354631679755960094036327610383,244030611658814400657095947663787130485748130538693805309834321984297573347012038002183902977386456282156215403376659997693,True,445940946018839269865340336046363936255567661921207459181162921167199997738333844964902404987440066228764133542058432064370413812931,25812464367938064566397974056110444363312413759942093240067029664901725909696063755429035525035354631679755960094036327610383,True
BARRIER_COMPARISON,EXTERNAL_RECORD_EVIDENCE,,,,,,,258,409,1827397567,77767921088209317998669879822347718609851443621308420329843413392342380624706346939199701180325921537463063486294620661983277,71035866186194603019372534958590351628839708651800196644854170678486928804724768181362498492444083998877434185106621688823,True,129810769038389586546132224249950454316216170623288529518928074567669752939056259479260844490133486983092253961066468109744581293641,77767921088209317998669879822347718609851443621308420329843413392342380624706346939199701180325921537463063486294620661983277,True
BARRIER_COMPARISON,EXTERNAL_RECORD_EVIDENCE,,,,,,,259,411,1827397567,233964819233418202594961554775075926869382735546889542208814888972301547665355352163424292751417479897236781670908885344254087,1535219536139081006961948220941313134543328491883963028503860102584272368886796996194465916356762821691814726605366581674981,True,2805456445151425205738174240528134071849622142150533284605905601570869739369059329268675274414773884355677055213417060495967064171227,233964819233418202594961554775075926869382735546889542208814888972301547665355352163424292751417479897236781670908885344254087,True
BARRIER_COMPARISON,EXTERNAL_RECORD_EVIDENCE,,,,,,,260,413,1827397567,704538681575415602180692325557358864767461825372525751503583262098002266161011301873573635096011300831100709860826749465979285,9894106358739231812501167127086107722257222939366138839788770669948063436550881755184911432588010743856173876016286611458991,True,18080465887599301401613632992697533051152760947574270638014202316184051140314740191129596787021815346692632338961121806154834473674897,704538681575415602180692325557358864767461825372525751503583262098002266161011301873573635096011300831100709860826749465979285,True
BARRIER_COMPARISON,EXTERNAL_RECORD_EVIDENCE,,,,,,,261,414,1827397567,2124192940226890784125307621600600930939639951045005754019304167018397291142814887153923932655069347050863588974880622130805951,8528528074929740271042211524209649892262718963241417502257550561063204990090682199148679563693143116445602843248112368640781,True,15585011454217801067244457893640075811042704758232128777256664902666385732113971760094506505955471265575492323599882919796770296379827,2124192940226890784125307621600600930939639951045005754019304167018397291142814887153923932655069347050863588974880622130805951,True
BARRIER_COMPARISON,EXTERNAL_RECORD_EVIDENCE,,,,,,,262,416,1827397567,6393732611681960307542384154658851466093428802989874261075021262503972858748006624528177852699278930267713685709442613858154045,67893166227365131146049214286726296225806056599438250540990174580751585609395972730258148159221207579582646099345832037394727,True,124067806779813609476926255849825274117959270443677752605341878799770692574002412906872087228086363345731286357366613756725777138429209,6393732611681960307542384154658851466093428802989874261075021262503972858748006624528177852699278930267713685709442613858154045,True
BARRIER_COMPARISON,EXTERNAL_RECORD_EVIDENCE,,,,,,,263,417,1827397567,19265812999051032743292997623404749091378322208389050779293498833307042517522267725850157777034120347263632732267530831437406903,34449170671791752106457324003789502481346570959458759486100432152006874271692213659526006605096509817764588019631516386294645,True,62952330670800003330007238873855635614553186655107792721738100032225936211365248214261990843379291841174621525831981280835466418128715,19265812999051032743292997623404749091378322208389050779293498833307042517522267725850157777034120347263632732267530831437406903,True
BARRIER_COMPARISON,EXTERNAL_RECORD_EVIDENCE,,,,,,,264,419,1827397567,57966669325163401871210683189070636660331038224006008330017366591511375435123298882081721768974928154711881547080998474038110245,441808168035982538982752609724147279836182910556088262732041479636516387928068050041074895560423755295260464615706508610663007,True,807359171349681660191564773972807280322308809317174308353789372830850091655379725655494514211897471915562339670031663821190129248703969,57966669325163401871210683189070636660331038224006008330017366591511375435123298882081721768974928154711881547080998474038110245,True
BARRIER_COMPARISON,EXTERNAL_RECORD_EVIDENCE,,,,,,,265,421,1827397567,174576929287531420178958810842637467525777401067373448958599580140895117835595879464370159058415052915819578042356619341017888879,2679267128190376747601780380023556929077121522379112725291085171631532224236169786373212189661808169253648196074367363639105309,True,4896086231398171581380866551323383334881523425358926645815668409429239407051275101017317709362730801314840919380237871378305307723383203,174576929287531420178958810842637467525777401067373448958599580140895117835595879464370159058415052915819578042356619341017888879,True
BARRIER_COMPARISON,EXTERNAL_RECORD_EVIDENCE,,,,,,,266,422,1827397567,526438473110759118798183477629614632756469348783542042749988661888129319627691569665610452181206232554194467731524353698667899213,2622430888241413720191250936666210428957073404293946427493412584006664430900646814119686557063276894289477379314110739688850775,True,4792223824798008340917910736350304028986182286447165054429804064540961692813281606848616461180038861671907156660142094475976243261064425,526438473110759118798183477629614632756469348783542042749988661888129319627691569665610452181206232554194467731524353698667899213,True
BARRIER_COMPARISON,EXTERNAL_RECORD_EVIDENCE,,,,,,,267,424,1827397567,1584730789828607072917164523092248358627682337513469519998345828595275891124882571541831306555540845276054870403482052447232162791,18698033657383674205801933216807552003419802538568622779239923613795857776317665532358959695034125909811366555760314921523482629,True,34168741213187037829203110044290604038275322838600724929323814521116398135120932212952522717356423669560952672941569322745808089601363643,1584730789828607072917164523092248358627682337513469519998345828595275891124882571541831306555540845276054870403482052447232162791,True
BARRIER_COMPARISON,EXTERNAL_RECORD_EVIDENCE,,,,,,,268,425,1827397567,4775853851471140084841949930090362917316144177191782126988556857509379402341879164805493719714311126282050480046082122746610348981,12771137001513290436493078023186973144065078312958734350681027394284115394490096237077278989725196821662361996009013954742726671,True,23337944684389062261811818791913044309558864598765255723833834253375142178638447069230874816804042670501933206980135810965906829531409457,4775853851471140084841949930090362917316144177191782126988556857509379402341879164805493719714311126282050480046082122746610348981,True
BARRIER_COMPARISON,EXTERNAL_RECORD_EVIDENCE,,,,,,,269,427,1827397567,14370884518384057986706762511898324434814626860878093514952709315975241664960100394776480759238310559753923177809518299049658768159,124959338945815335671304677324032285164583893544370471026120569077059262052396089431231037159929952280530561330570903483883622445,True,228350391963511289237030479057656668539210801630369605299776721380073530989364040346946011120942584687867649244629551747440755367139591315,14370884518384057986706762511898324434814626860878093514952709315975241664960100394776480759238310559753923177809518299049658768159,True
BARRIER_COMPARISON,EXTERNAL_RECORD_EVIDENCE,,,,,,,270,428,1827397567,43285945411034724888843938422203916035908657899845269080806282921714138826618152785769440678096440402892856484113642620388287189341,28294305072344149566612258954211392564197046211134341182051759654350122681485065413696310716772409579417782621537263973029097607,True,51704944249157457904711346445299863175495573554813463386229289660428175154297324483824486680705927358155549239132077984150126587237322169,43285945411034724888843938422203916035908657899845269080806282921714138826618152785769440678096440402892856484113642620388287189341,True
BARRIER_COMPARISON,EXTERNAL_RECORD_EVIDENCE,,,,,,,271,430,1827397567,130204419944869276523979117039629633570655528333957784314315158712719244143330161560188318835052338655940743353711103307643483337751,778050338747236163594440322898405103551700407477357167338775174116705694995861602001082533676352123262601150604962684876330832277,True,1421807296030225193326894220791239874410760383337031095184889617940869361090481566565500553406361435485361444706909388468794658790074870059,130204419944869276523979117039629633570655528333957784314315158712719244143330161560188318835052338655940743353711103307643483337751,True
BARRIER_COMPARISON,EXTERNAL_RECORD_EVIDENCE,,,,,,,272,432,1827397567,391999594681668237001726558210960442563684803539561261230530715928465043083893297492084943708209085756870925666614011708844937092165,5106820710362523350361735152838299014091538297807888077186805102964738392793210429043222007133195947885194662776291626457966654655,True,9332191741221686858431723388195080762769375800701456105659475849660947425781803072152610033676058920099663522078780783471761092483676224385,391999594681668237001726558210960442563684803539561261230530715928465043083893297492084943708209085756870925666614011708844937092165,True
BARRIER_COMPARISON,EXTERNAL_RECORD_EVIDENCE,,,,,,,273,433,1827397567,1181544123433246340724336503001167495097927284769435416841933106946624371867291143722334779936835536426807559421764842270192759592143,4229783354604310612771548721942562228528866591920397930878496986435729947157128794969768396983029531266019144483260592058003332669,True,7729495811141015461491007261299797730159748799342917036559199565629484907303975726633396607200278305724673814404131878153774812997222216323,1181544123433246340724336503001167495097927284769435416841933106946624371867291143722334779936835536426807559421764842270192759592143,True
BARRIER_COMPARISON,EXTERNAL_RECORD_EVIDENCE,,,,,,,274,435,2788008987,3555723049076222281611323165740074820107527602609809516826481239162331600833095933659164237434923167592812243109140141097894175407725,34870707616779450714941959638972356313078096378767726393999327604224160303916391369229100439782205218577187121141010350805803260599,True,97219846218630460590181758656846204845427918336856577172027228232534138089847550434019967288038440472071497046921794552306602182303915003213,3555723049076222281611323165740074820107527602609809516826481239162331600833095933659164237434923167592812243109140141097894175407725,True
BARRIER_COMPARISON,EXTERNAL_RECORD_EVIDENCE,,,,,,,275,436,2788008987,10711531862334599882587224124166513799577565801035441615682171390776828743424177810946132302802435736027994988702802880442946112748359,15886692638472276638316625024338390429268302724277048776542636233004599061969154170408120324014149156615042612658116753890236731429,True,44292241849767449217976899119364526245914815829520995066838224606288648197101771743886368921128799763801209303478789468341247218781557352423,10711531862334599882587224124166513799577565801035441615682171390776828743424177810946132302802435736027994988702802880442946112748359,True
BARRIER_COMPARISON,EXTERNAL_RECORD_EVIDENCE,,,,,,,276,438,2788008987,32223321017215665723268181626392120077242663389518350977451969518910154112122313452775676089402639674583101484859173555627365511295445,225110938339148980927968382858172528307736880996883407140538601858349560885467502385782722962707380468078165339504178858725056295023,True,627611319161550212759067451060441755318482325850660458099001594001493476736187074348006172649359442596230191585009556782180860312605047371701,32223321017215665723268181626392120077242663389518350977451969518910154112122313452775676089402639674583101484859173555627365511295445,True
BARRIER_COMPARISON,EXTERNAL_RECORD_EVIDENCE,,,,,,,277,440,2788008987,97024864772494461471830581894746674945767854114203157453977729943049133863766060438076144992189248889745770529580580324076205226087807,1385136256712375546835979179715147013002938534286859264665258578212391737454642666655581616850781873397166646024631850964392553288013,True,3861772331933642098697749367990717972278398491000371265890952462734990558788088259509406781491970501007996829453321423855171055562856643372831,97024864772494461471830581894746674945767854114203157453977729943049133863766060438076144992189248889745770529580580324076205226087807,True
BARRIER_COMPARISON,EXTERNAL_RECORD_EVIDENCE,,,,,,,278,441,2788008987,292494201200873241623595893746521283693463018125201890448420475374422087700894661633224901872493066133223175888753979601005050447069309,1316195003357412224299641414582923326689904037675741621021204644087802993170967361973811058701706692219771338049418295340308122252263,True,3669563498004960454411060044734583091543389419207554231297066665282931162046156632666667290300342810146765469566793257530999268188403925087581,292494201200873241623595893746521283693463018125201890448420475374422087700894661633224901872493066133223175888753979601005050447069309,True
BARRIER_COMPARISON,EXTERNAL_RECORD_EVIDENCE,,,,,,,279,443,2788008987,880321817369399439286995977364126368792707965940790507518235997213815635321876945537667639409329837327641256266286416060568020878819703,9627012543631665505315516492873805404707535243396897209012756113362153417898823361907300759806397932602771214197209401126663441980341,True,26840197489606813046597556252678890925213780365209781826642781441692874514774686189723107979252165816194746446286721800662025601565543785324567,880321817369399439286995977364126368792707965940790507518235997213815635321876945537667639409329837327641256266286416060568020878819703,True
BARRIER_COMPARISON,EXTERNAL_RECORD_EVIDENCE,,,,,,,280,444,2788008987,2652322307175317175525821116590629177227399544083110867246606276003644394842402679164974653395392067694810683198957157211915540786906213,6167327496657281186280180482121274515571313208712002243241699615691482500152784981778431944614082374034484842395810142957034025046815,True,17194564486452712406335164284136106173306892665280868948922018541702299429779193402276899504351947905566439188514797289709965616695303315726405,2652322307175317175525821116590629177227399544083110867246606276003644394842402679164974653395392067694810683198957157211915540786906213,True
BARRIER_COMPARISON,EXTERNAL_RECORD_EVIDENCE,,,,,,,281,446,2788008987,7979680631660189241907129718768387673380749924770811291123615396735328162280751722598867430520981314508205878397067289696169578661612847,63929402758447274218173279439364106943816524669093385497318236295864403007545725153222236503452469969651112127579066549717014676928861,True,178235749424093590685920501800209451724589574856539559908778707191859546518427310540615547379864942802734917866235128093682119226088566027673807,7979680631660189241907129718768387673380749924770811291123615396735328162280751722598867430520981314508205878397067289696169578661612847,True
BARRIER_COMPARISON,EXTERNAL_RECORD_EVIDENCE,,,,,,,282,447,2788008987,24029896735517518587040054632291163586936454944398348630906032465103564397856429908212376172902164389219712950391985141330200561188415373,10078527201440100017188886346091187243039233835450641421582159092433386994287694628118946831916518518762705981170655165767393623632919,True,28099024413338958190101469609423822355093137126830867478285515308568046638923010286707246672358432064062352395942439382837468174255073761043053,24029896735517518587040054632291163586936454944398348630906032465103564397856429908212376172902164389219712950391985141330200561188415373,True
BARRIER_COMPARISON,EXTERNAL_RECORD_EVIDENCE,,,,,,,283,449,12235060455,72271399887626457483757494848845491894397775173366875407788469945105853015597639205468676281384934059049329481577521968473985333972399783,393654943752123745326228562982275828905938381850010954405491576867619805039562045547452365852631338336669378746645054464069481685206085,True,4816392035216858558707430165235919860149392610439758769563438026968607846614355293996543267439722045376708992312494369794657733739011729108868675,72271399887626457483757494848845491894397775173366875407788469945105853015597639205468676281384934059049329481577521968473985333972399783,True
BARRIER_COMPARISON,EXTERNAL_RECORD_EVIDENCE,,,,,,,284,451,12235060455,217541038387174979341821808354424480217546966880787944283646900034498198334906315539732219894868565742708750966338832083355490603545814005,2634642279847585017077333304722836555425097866924668983779455128964137991345481983294739198985421146131533179452467519259277648312847567,True,32235007571234230869693380393468842274710030626114869947405047889836049851074238856724434183044902386554697832439303897061138846737918735444662985,217541038387174979341821808354424480217546966880787944283646900034498198334906315539732219894868565742708750966338832083355490603545814005,True
BARRIER_COMPARISON,EXTERNAL_RECORD_EVIDENCE,,,,,,,285,452,12235060455,655530470058707365587662720294825458790055466085113105092066660900217152157172538312501423887460751490369302985441560961800610217151900639,2089217045177899926837409451064473391446162715275462469086443793447299669129262563274689191246154913908499365507273134309556131909625453,True,25561696851368071834795781589362196047082680699162235287356208433787244308298024671234085026231762157965810075310628540474753958130222013861761115,655530470058707365587662720294825458790055466085113105092066660900217152157172538312501423887460751490369302985441560961800610217151900639,True
BARRIER_COMPARISON,EXTERNAL_RECORD_EVIDENCE,,,,,,,286,454,12235060455,1972406119970486951887382751347580412644995529140837859758451904294096570776424798324113800068092362995594009129174812308870107464484619165,17897070724263410029301409279401492723996749916823476371763174567232127617202154463043124385158681790697698442222078249865222021786710855,True,218971742278773457052956063950175249695342864455851454971786495772803543414743457811580690124501176477293997069946451922841587038557734426529739025,1972406119970486951887382751347580412644995529140837859758451904294096570776424798324113800068092362995594009129174812308870107464484619165,True
BARRIER_COMPARISON,EXTERNAL_RECORD_EVIDENCE,,,,,,,287,455,12235060455,5940477199088920276159726615895157383034303110964507757204363399256070169548903128518779513827117523084726428078924954620483429645569526487,7173533817871389092747504133372187973357202666482073257274150954135468412348996296253145909795177176204293943865199361849451561128794581,True,87768619937643404964593315122171102869649303934095368476488005432643388284832838243228330190279969418295723833781090562855460459004929739811394355,5940477199088920276159726615895157383034303110964507757204363399256070169548903128518779513827117523084726428078924954620483429645569526487,True
BARRIER_COMPARISON,EXTERNAL_RECORD_EVIDENCE,,,,,,,288,457,12235060455,17867949275621679669474336571390304439301542379977511627471105570515771423085966852649214768727033437450068085619575899249196503440939917445,114555958163451849268555959809781144317337702167422931487853198357528234115561923074511892220747267920390484597197668861040783691849059711,True,1401599073610284147282329698823222601041706490669204098307206980069464648773293585112712470937287028282059706253459802099904982690351336298989828505,17867949275621679669474336571390304439301542379977511627471105570515771423085966852649214768727033437450068085619575899249196503440939917445,True
BARRIER_COMPARISON,EXTERNAL_RECORD_EVIDENCE,,,,,,,289,459,12235060455,53789918540284714372403636608990242478699159328268488305845378202537557927014930426319149215163823785133759462389931839298574368339745104271,715809301329706275766921669068001754541077483174175641327682577053072017860745505966545494627688749328281864854001289685092067109397883005,True,8757970076020268171401188110296504972856153787475284266432592795294531881995061036870247334277649564954869257768845527945069353324400197215192067275,53789918540284714372403636608990242478699159328268488305845378202537557927014930426319149215163823785133759462389931839298574368339745104271,True
BARRIER_COMPARISON,EXTERNAL_RECORD_EVIDENCE,,,,,,,290,460,12235060455,162114038474532844573133417406248044079275606738149278611264380571573648412072910752443467281422365246535499209294612084099662537086936720557,658862196631715915455749848649371977266974942834899536526555803237266791525997570927597212021278465716403950312370736647397337192790833527,True,8061218807303141595986768275582166239644324100555164913253890965539043903284461984482302316969794774429847217272672097253790438959815838372685874785,162114038474532844573133417406248044079275606738149278611264380571573648412072910752443467281422365246535499209294612084099662537086936720557,True
BARRIER_COMPARISON,EXTERNAL_RECORD_EVIDENCE,,,,,,,291,462,12235060455,487830681130955936631245267377298765524183077721135463221249633642642894498274971204302441116128883521874939272133469384706866475396212977159,4953718004609953570057279863057382504513439841879953384492651265555698898690470606726870179787410961686095139436378474757949739849178131557,True,60609039263424750624393896937361196076781246825406870511849447737306235195254828205703786322635692164159062763885745264924206558906217021663838278435,487830681130955936631245267377298765524183077721135463221249633642642894498274971204302441116128883521874939272133469384706866475396212977159,True
BARRIER_COMPARISON,EXTERNAL_RECORD_EVIDENCE,,,,,,,292,463,12235060455,1469446306222297421541115862766114829717974263190156899213574868639616480543049869400795480435833801694698584393398940683752114882730250193429,2952628354970637415411718320735081222690259472138841053826018373291502599621500244404296364467930626910752264312070365010818306464311870767,True,36125586424212948527447322369624798798950642381255108447197243849162291644158715608083841481001845128999103843386319902121278708611573038808392218985,1469446306222297421541115862766114829717974263190156899213574868639616480543049869400795480435833801694698584393398940683752114882730250193429,True
BARRIER_COMPARISON,EXTERNAL_RECORD_EVIDENCE,,,,,,,293,465,12235060455,4420247444325751487918107709566781555444772849623971716740376541342225035725599519778162755482395707342243286334193887110519375561273973104191,32674936382630358835755397499079376249770898523418561360781925966625695991764323884765517443192396397027323100930341213558516745559380660109,True,399779822004761452273810703993791975259638123333696331518293930272999702815687684842306559416815998113953480426700791491666518062048875168791421889595,4420247444325751487918107709566781555444772849623971716740376541342225035725599519778162755482395707342243286334193887110519375561273973104191,True
BARRIER_COMPARISON,EXTERNAL_RECORD_EVIDENCE,,,,,,,294,466,12235060455,13308376435612691356933363613774092931497718789085919226619737365720177483562598205637593523146764331059319991618569921568610250336154809408189,2756603877017290149185222349741598422512215142247531285130294512872335203693679048086038930422771125901704070814503166571302932012361789095,True,33727215085793930055557164441705610327769585241364969848072995916947796914216902454699538355206143434035765693935047333788826441290001296909284738225,13308376435612691356933363613774092931497718789085919226619737365720177483562598205637593523146764331059319991618569921568610250336154809408189,True
BARRIER_COMPARISON,EXTERNAL_RECORD_EVIDENCE,,,,,,,295,468,12235060455,40020397512108947857158171811469775324819956847685765832656427580547537203459393909518991082839447411243140240087686285179934998313130208415799,198806222172799443163717607344217855921137606282758899449821850312626511154279622356679143589577149508065642676396550447922403405368645749749,True,2432406147114362643698421388404457461885598325243542958957836577554946013808343011508538894856102132117756648254139796283787934813583252309657816075795,40020397512108947857158171811469775324819956847685765832656427580547537203459393909518991082839447411243140240087686285179934998313130208415799,True
BARRIER_COMPARISON,EXTERNAL_RECORD_EVIDENCE,,,,,,,296,470,12235060455,120442265357410338716906839314999312095767072464769330109158144675190630621464578898981815302114959905990141781190964937436221984158053746012325,1358564308685388620355800583212625810377816662272341920727189418033917555635633207919721537961966793045639049885001815136601188653432178779103,True,16622116448771011345222263745530734909265953253808421074527980091881248533687798251103377803730241203615867349451758005981049626399602750604693295671865,120442265357410338716906839314999312095767072464769330109158144675190630621464578898981815302114959905990141781190964937436221984158053746012325,True
BARRIER_COMPARISON,EXTERNAL_RECORD_EVIDENCE,,,,,,,297,471,12235060455,362851087356564996732449813467357880772530025081156120772229881759763967908739325378644814120731350407013309587284519139894333909348813721096687,1027110357388204697608810704917988460675834613120764872670672785717600578215722260360428185112959001051148662231756790238467652210991570217885,True,12566757316601340379158792915322754633361226649114094432966058838778103632012317886999088934542984381797212429597919549424405591363396277111200497237675,362851087356564996732449813467357880772530025081156120772229881759763967908739325378644814120731350407013309587284519139894333909348813721096687,True
BARRIER_COMPARISON,EXTERNAL_RECORD_EVIDENCE,,,,,,,298,473,12235060455,1091601844638362951360808031446793531288047690617164623206200540747676055814909153499333178790966992599125697249276806074854337641795746129409485,9178496209500536419743614204193743322942734586754816397033809293921105912029521507878757412884759759324982961541767681058074784131584642892503,True,112299456009227408450492375388507164088956946171964620880133939390065594834139107393619355756924431603492416526308467585310703349761012780739360271268865,1091601844638362951360808031446793531288047690617164623206200540747676055814909153499333178790966992599125697249276806074854337641795746129409485,True
BARRIER_COMPARISON,EXTERNAL_RECORD_EVIDENCE,,,,,,,299,474,12235060455,3286999864189760698736258458519260149745973533346278913176645204116564775799492169951594482087992743309720165697523412845248356580384458252706151,3146828079157919951562114254822118205167280770694362075014264134690101026559145616446380808470748253288800985239313801803537042400314199722117,True,38501631789988676099413139595365891511377773617404512315458766675271648750008707250369711457591380978074132628866567007782163746599742544595045695583235,3286999864189760698736258458519260149745973533346278913176645204116564775799492169951594482087992743309720165697523412845248356580384458252706151,True
BARRIER_COMPARISON,EXTERNAL_RECORD_EVIDENCE,,,,,,,300,476,12235060455,9885388253118625785516444103915539561001581523028406826646022776096767544108005928761973337694161760953846644991956227777115757051147814487073845,58217805336161138470023799479984578142823688291223260457217119898216736498736274663718925285779306809238698754489919888151985747189822057077135,True,712298367845353126802367391926408876045119450649192237596262403015665217754843351612085845999137970599028631786717372519646383845165819229031207323196425,9885388253118625785516444103915539561001581523028406826646022776096767544108005928761973337694161760953846644991956227777115757051147814487073845,True
BARRIER_COMPARISON,EXTERNAL_RECORD_EVIDENCE,,,,,,,301,478,12235060455,29753719401553252113780007225177655130059388261043500828402416983278595499162135461914679578803219406960284526573412640296830020393421202377043103,369762700403232929871421225302026628537758448790230478300348669671235943172444175248675907298806168625205279458557673595421455721524984002874541,True,4524068993437607774423614068340471434179302871135491515388331621006396739283798974280164384502869222456310830960622803544138721956963824068077902915376155,29753719401553252113780007225177655130059388261043500828402416983278595499162135461914679578803219406960284526573412640296830020393421202377043103,True
BARRIER_COMPARISON,EXTERNAL_RECORD_EVIDENCE,,,,,,,302,479,12235060455,89651376773449255370262721329257111178396739550963623879064645569788957964838877088259076999292594717275831946110413748752421058140174642794415581,328850963630700731768864368457788309176125810704448647186256769107364894812391120715951196130545513085659105595321365062402373244752880682051079,True,4023511420706629747204794634776435078362130536654815335766817215181585873774321245064865767486786424732032750479985666691617884185026006680296584962980945,89651376773449255370262721329257111178396739550963623879064645569788957964838877088259076999292594717275831946110413748752421058140174642794415581,True
BARRIER_COMPARISON,EXTERNAL_RECORD_EVIDENCE,,,,,,,303,481,12235060455,269734567457926764168633563295219625111627368188557114424908725949273216829221572669807307523643657144617452571111592901981125168340345999709819287,2547427166050098310997391720269948080402676503445831516988348787134780553847056172208006639923382524836890782346667406634931107573902784699298325,True,31167925381332276393746479044819263683437947763467764428096806941219966309477115090745852074504001759469897736243722487956450215926808951088764002455237875,269734567457926764168633563295219625111627368188557114424908725949273216829221572669807307523643657144617452571111592901981125168340345999709819287,True
BARRIER_COMPARISON,EXTERNAL_RECORD_EVIDENCE,,,,,,,304,482,12235060455,812325450924096284737282287115452041640630702708336314425585334807445022226484483629542228673994463405012184644456185328838823480700326284435748037,1398784397518310470228980701223511629710833225007552249246732442153598183901637276383407713643163632191018484797188974113897371363131783485314623,True,17114211667147280572711056572497957256907618676390019601104999640959064175814739850032537135337435337314495269516105512342964394293503129074795017100533465,812325450924096284737282287115452041640630702708336314425585334807445022226484483629542228673994463405012184644456185328838823480700326284435748037,True
BARRIER_COMPARISON,EXTERNAL_RECORD_EVIDENCE,,,,,,,305,484,12235060455,2443219849872920838674610055805942457533389304410338885578474318341585810157092982128867298228110374157356207795611369232307366393459555423919824463,16683347393818900336213331022843200112126892245682541351176825164962281506983974309631447553183458781212363178877193413923484016806548491681104573,True,204121763955140938935189930841413539357535305257196606169685841288278862032677430394507649582361445894133881686978440440081665689854356835607379031831960715,2443219849872920838674610055805942457533389304410338885578474318341585810157092982128867298228110374157356207795611369232307366393459555423919824463,True
BARRIER_COMPARISON,EXTERNAL_RECORD_EVIDENCE,,,,,,,306,485,12235060455,7354633538021290453874882945256172703046156698372336425942296210701760404381837071347564343508839058241347238835805360680085682985812972554209794797,102065376400825306534437391838939444403106454408085639783964140880896699835673006969445010534504805079858638689074275443284439551032910142670903,True,1248776050626427937342748028561947725356118859483629043574154403229908077099447805882796041687778153640061547214825708033907041667680713290161173374440865,7354633538021290453874882945256172703046156698372336425942296210701760404381837071347564343508839058241347238835805360680085682985812972554209794797,True
BARRIER_COMPARISON,EXTERNAL_RECORD_EVIDENCE,,,,,,,307,487,12235060455,22113848590868927237326754391445208770030447665399648816240635143459287160966627463964617928175533046262598947405358588006584216568307530227530027207,100202149739314227323814423528898140117164459928503333746844915130654585741739518864758130329635257492354037711952234758984188540390323860229298341,True,1225979359781472061548482333077043183870567950402663266061689202132903080273164030172928693535856453518443351669085468348523901180793821726934435364366205155,22113848590868927237326754391445208770030447665399648816240635143459287160966627463964617928175533046262598947405358588006584216568307530227530027207,True
BARRIER_COMPARISON,EXTERNAL_RECORD_EVIDENCE,,,,,,,308,489,12235060455,66541337679827005214788685397042388953659253277329504602376891475793885274184347391581553375122662624942025765807845787885061320148397040942192652885,700190263658389687588287716000219707487313942046626308550506836224011339794148555969673572181032744785519960319396752007569906508119872099893037551,True,8566870205862787295591263355196558914389702226504839313908934562091562664986954837539907302250741836785422723117020369943260423765544583529059113470070145705,66541337679827005214788685397042388953659253277329504602376891475793885274184347391581553375122662624942025765807845787885061320148397040942192652885,True
BARRIER_COMPARISON,EXTERNAL_RECORD_EVIDENCE,,,,,,,309,490,12235060455,200423180668361909655599745081954217435249400956510746421750618609045750987690902173495458487752241819442992991790617459116418642219088923864988243711,502235533213381040297485366346557973918659577095413696411632145343843689106725670407423991774590345122728492224030065100240355976564014222858542541,True,6144882111514877442990524641727959292057113178327119878831335863503274298291013524535237020179535605435897496912005250239026390403981277194154110902324316155,200423180668361909655599745081954217435249400956510746421750618609045750987690902173495458487752241819442992991790617459116418642219088923864988243711,True
BARRIER_COMPARISON,EXTERNAL_RECORD_EVIDENCE,,,,,,,310,492,12235060455,602867877262847516989266613027516753454291485118576704494491744190465443293348426517987972188025233347562810364106012568271725290205062373671785301245,4703377115163719165827211662347876218842543229375171547714673162687911727871617006225465424860786813835848254140410577145659795025283246822216767847,True,57546103346691601216538104772907312778395326537356155762284943236052650288212742549774680833683986626148433835614127469898588932997248778368508791722745190385,602867877262847516989266613027516753454291485118576704494491744190465443293348426517987972188025233347562810364106012568271725290205062373671785301245,True
BARRIER_COMPARISON,EXTERNAL_RECORD_EVIDENCE,,,,,,,311,493,12235060455,1814996972819589703057669350209166664957047584351907974400434786024709091201148159543970303463149731599623756647254678468505053324806369529322638184183,1323449283396853317742612733810819468181371695769792809224912581438212541409091038663622476434297327636893652547950204057224476693484923852085742645,True,16192481991486928099348190927828198726290031602569282783691087125986641291279419744648163408470440639082336127329935532969727751850526547961340539105146603475,1814996972819589703057669350209166664957047584351907974400434786024709091201148159543970303463149731599623756647254678468505053324806369529322638184183,True
BARRIER_COMPARISON,EXTERNAL_RECORD_EVIDENCE,,,,,,,312,495,12235060455,5457777600520863413352747072880732804059489011048079645035223464980752796245650238611923684187597257912741921051637316932894914882801473404582479113445,29543711974379168312705882707898076781236631072020822095512951557565682908638793076016415025599018210651983177390413666931183246845184404785386349727,True,361469102071636535398576819565272075396661990826706217357400746542302543020555875043296248410574360395972939141014700352361261349834019218172393289441617745785,5457777600520863413352747072880732804059489011048079645035223464980752796245650238611923684187597257912741921051637316932894914882801473404582479113445,True
BARRIER_COMPARISON,EXTERNAL_RECORD_EVIDENCE,,,,,,,313,497,12235060455,16424479529810967456777197307655129648931852065113661822441346822568760479305773755755822147755384026193708367594405076908203764281933879480205695583919,190924592419891938376029826149556703850479957154908240957891709925701229863562459068151435461981559542921158411157493219831589007594471747272675536349,True,2335973930603612610597859445822966143061153556556112128097512180284278105648538088367295777972375235102822540459143676070892096426631815951670666556829564978795,16424479529810967456777197307655129648931852065113661822441346822568760479305773755755822147755384026193708367594405076908203764281933879480205695583919,True
BARRIER_COMPARISON,EXTERNAL_RECORD_EVIDENCE,,,,,,,314,498,12235060455,49478025502426411237207416279017113893809096323218677016666746178212289800192613426947670824036521088403055520541187735162687371379919475506450119726093,163599951272658081376440766345220217524359615709341624188263708765086965040103057844045544845206658984902639717527470783342609954547741110151960660375,True,2001655294256025814185062388960298761698790333364362480191296778223352410598132412152259202954517089648852729233032728157443039771376414666398052916469847970625,49478025502426411237207416279017113893809096323218677016666746178212289800192613426947670824036521088403055520541187735162687371379919475506450119726093,True
BARRIER_COMPARISON,EXTERNAL_RECORD_EVIDENCE,,,,,,,315,500,12235060455,148843250333266251445373897549154791575454369225411414148685649955648886125128424600203421233650301284853027397139508214364214271207994100651016425126951,1309147505792009711632619723242560440627239358638791069935613968319294344221477812252954157617096016242429590184472430102332144000114571593788013878469,True,16017498877877701477772219063898095620065711672701035248776369859929021044489360942356033870788768500265787971987894784582795618331167310376422052257447237843395,148843250333266251445373897549154791575454369225411414148685649955648886125128424600203421233650301284853027397139508214364214271207994100651016425126951,True
BARRIER_COMPARISON,EXTERNAL_RECORD_EVIDENCE,,,,,,,316,501,12235060455,448166446303746825271128287495878174302471428699255774840798595550994725273587611078051898747113855933134525533482304678597251441896924998479713539175541,654051909479887264884669472900082169665076029873308420323550536861749236259758881875592380525383891576402086425857219297779175454458321728035514046031,True,8002364653194608292448529603625489520319772327671314513519191478751207882688228003471076564665436575520444778808497953306520858925349665620354582740190937804105,448166446303746825271128287495878174302471428699255774840798595550994725273587611078051898747113855933134525533482304678597251441896924998479713539175541,True
BARRIER_COMPARISON,EXTERNAL_RECORD_EVIDENCE,,,,,,,317,503,12235060455,1347772729519136617683398052184462122059630928143810389311879078021080309617167507789038966333667471956554463284574474106800971582236660388492469145115999,8508936944231945534680387812355444813428512181706054839937234346777515301588625755393317326227959989030979627532691799911772039455145751290763597316845,True,104107357920460817159081843987014063240714042363877526006177410638325334149624393657607279789398047577115172610735866660803294568912353527878886896284874364864475,1347772729519136617683398052184462122059630928143810389311879078021080309617167507789038966333667471956554463284574474106800971582236660388492469145115999,True
BARRIER_COMPARISON,EXTERNAL_RECORD_EVIDENCE,,,,,,,318,505,12235060455,4056411750988994420530246915340696762787759352615603427093570399535625464037121221586649979370306032498266936590233662604439783772893522737690721545705501,51713935695864971564146681011687127658018672913462682835678033985101616276003273705246112717291113224300032355618555967809054170732520398298919012665543,True,632723129604890420604190552665592568441161028615086907881011576723262844455112019561598039749801094133560870929449091185944811675282278707707953281111829300402065,4056411750988994420530246915340696762787759352615603427093570399535625464037121221586649979370306032498266936590233662604439783772893522737690721545705501,True
BARRIER_COMPARISON,EXTERNAL_RECORD_EVIDENCE,,,,,,,319,506,12235060455,12221609502693321531510951781171331874798744330583499317912443860496414532853838457638082259588132564009214996716741948949466827423414734501925421078546519,50393307634918374852017972736578210103123473267009975243568778176228567343060235359473695197444406644071723174773745631132210302729228617190244155136597,True,616565165440639385304791575178576190447407479751443404193117350936641165340380704329689317722975476791821200399381308743694723151665963626838689474306663077971635,12221609502693321531510951781171331874798744330583499317912443860496414532853838457638082259588132564009214996716741948949466827423414734501925421078546519,True
BARRIER_COMPARISON,EXTERNAL_RECORD_EVIDENCE,,,,,,,320,508,12235060455,36769577007532641134373277413812478797267165537223876027000796905268319880046464958670511421718826625056473364042307769120695434479712536083482776118499589,360676921810108204236898058806700976051235510747786072257636982086838264999079877590950371501191085989871917308485081437986535327124351006983758231129855,True,4412903943069981908929934891172131601094373651441964851479186811276218232071052821699277556221782041593186425976075855859363593203359635873086409160977638880384025,36769577007532641134373277413812478797267165537223876027000796905268319880046464958670511421718826625056473364042307769120695434479712536083482776118499589,True
BARRIER_COMPARISON,EXTERNAL_RECORD_EVIDENCE,,,,,,,321,509,12235060455,110727725020408629562481520522631369083285226793565140374056252010921264766079193219036592836974195607284733587695250996451266112277010938561274379886938895,244042769808912293987317614032237545186246168456333630665188356027904543117642946722733970868141793738988760788799866135599988305626392399299171630509309,True,2985878042217690714727564010970782684274516105575355998838221399963475752013515630256994256453923679908667978816499849064973084616631927648977864530702318055275595,110727725020408629562481520522631369083285226793565140374056252010921264766079193219036592836974195607284733587695250996451266112277010938561274379886938895,True
BARRIER_COMPARISON,EXTERNAL_RECORD_EVIDENCE,,,,,,,322,511,12235060455,333021163056847301006167938130281972632823140744482445708276478622996404550117176343159895654558018286084827754222408367532157954506779476305475242723696941,2408104300669561519408705966872443401493659232943050064211010248548934133112122212268436199875288309678220264639710354763519200268372498441201721017288439,True,29463301700637582168307173358003572290840758014227145107713342267620785144439832560452659593784615929467786534672954984221154643836789742887496319496568151337579745,333021163056847301006167938130281972632823140744482445708276478622996404550117176343159895654558018286084827754222408367532157954506779476305475242723696941,True
BARRIER_COMPARISON,EXTERNAL_RECORD_EVIDENCE,,,,,,,323,512,12235060455,1002415441153027552293397320640397379430339263688595435469260326229919654657869915773680155538215780715176991227213846615309912334223325071403034140422611847,520408937037386008439105401514407140741294788532953503771250023785920384299593148404371450542413215189644864825888038863680659399144210350388338548823269,True,6367234805974706408423594773645819920453435252677126878345314531940923879722355002631271483662468229436229211125043204558522371562793388900238054871859665325727395,1002415441153027552293397320640397379430339263688595435469260326229919654657869915773680155538215780715176991227213846615309912334223325071403034140422611847,True
BARRIER_COMPARISON,EXTERNAL_RECORD_EVIDENCE,,,,,,,324,514,12235060455,3013950227424053955429978974420295061354757473976082503096642759411619845988646520809441403763730793859375989610734782871356613944075948499182319245770877589,14969034741054755124891341202749067549703250186191253889037311515079525182972326422014988649794143073258966452664150167444795861009379200997598664652553903,True,183147045009800199418266634921667253665497983338039997524625368137665634746361350365347229046370163806242948419162773109885450234583531846225215971851268573351205865,3013950227424053955429978974420295061354757473976082503096642759411619845988646520809441403763730793859375989610734782871356613944075948499182319245770877589,True
BARRIER_COMPARISON,EXTERNAL_RECORD_EVIDENCE,,,,,,,325,516,12235060455,9068666298132047060489084973257296876319231153569432296045375401122303066026086656381927959887526188433508032548577320715777349597851738637439825035324800959,98538335942934653772970123601070587159027213840943335178006180320125631669211167173252463142050042930537026790738394705749403114275923882778530589981998093,True,1205622497396904919026783307167920936613044660334154460132233802580368356667861192525855345520641527890465888400638893314495883183331202256773655144496564029549712315,9068666298132047060489084973257296876319231153569432296045375401122303066026086656381927959887526188433508032548577320715777349597851738637439825035324800959,True
BARRIER_COMPARISON,EXTERNAL_RECORD_EVIDENCE,,,,,,,326,517,12235060455,27313261357835681958263847119757537397977528387273036035157914694916683310318848344960198874047913792722044352511223850554162079856050788471890944298023075645,81090080949722407725725970831918223437411788393351711490441557860828670526456749890927400655479673948570570641231407303588147217836626529192653385848648743,True,992142042720697473992416311892086107372931139722325510163270615071619260288475011858311403035800437784449492629314384004129519631671179897928936517718658850664758065,27313261357835681958263847119757537397977528387273036035157914694916683310318848344960198874047913792722044352511223850554162079856050788471890944298023075645,True
BARRIER_COMPARISON,EXTERNAL_RECORD_EVIDENCE,,,,,,,327,519,12235060455,82154309000386127428384725759243905731972255014948586399517321067849598155437721786509426610914411833009173567264655328476146301693143510534815771278166572471,672320096607330330363546712438341746391575071439011722558478639781582460541723752930442179507779931531792731385661775538084565903492169825863836925740637301,True,8225877027102126988153116154899611727051199101727252270956673430553829400295642167013443476159649605127244823033147743891104818731658393438570867384698043027963031955,82154309000386127428384725759243905731972255014948586399517321067849598155437721786509426610914411833009173567264655328476146301693143510534815771278166572471,True
BARRIER_COMPARISON,EXTERNAL_RECORD_EVIDENCE,,,,,,,328,520,12235060455,247321026708674708499526914877616891348075444457363672374726271135946987364237872366043599787825917318399682740717901092683079153579395112081019067370889099557,300760874789338562345164937544676934857366389281208815326820054548361585775757245760686628357976155851054116309115112104973200710547348524448003704443147615,True,3679827485546242699755879587805421561423974574940653851002573950305601723166057975286293360269955648286149088518624864158449416848395765336576370827925863180014064825,247321026708674708499526914877616891348075444457363672374726271135946987364237872366043599787825917318399682740717901092683079153579395112081019067370889099557,True
BARRIER_COMPARISON,EXTERNAL_RECORD_EVIDENCE,,,,,,,329,522,12235060455,743679279541056777927326219832621022348543692197126843476527429272637347888563031111161439273643115593943372300001573492558517957738114497196200709185446062959,4334681454433320544526445212174727413206816817915279150677691893237856349026099763343339705404655745041810504623085765333480596131500367479631025258886971421,True,53035089648159004628674576517203091923731169185304167476742614533628578124939910977366954217227853279049618026717511327505078329238346125968001575136114121347792256555,743679279541056777927326219832621022348543692197126843476527429272637347888563031111161439273643115593943372300001573492558517957738114497196200709185446062959,True
BARRIER_COMPARISON,EXTERNAL_RECORD_EVIDENCE,,,,,,,330,524,12235060455,2237902636283300943496960560296944460262900511891523835838976751277097586849086749385606877461590801336807413211396201335712675861214060135401176155847453246029,26733639683561181063543137234686968674159321054032448270822002598084655413873611394275138397536876345080024136652219012074685764393934390064041132358891028567,True,327087697710558120003651480566756584729030489397841326125167414331732826196586681138133159197355505173913537124799080922634155302487673697737094576017688491274377017985,2237902636283300943496960560296944460262900511891523835838976751277097586849086749385606877461590801336807413211396201335712675861214060135401176155847453246029,True
BARRIER_COMPARISON,EXTERNAL_RECORD_EVIDENCE,,,,,,,331,525,12235060455,6741167099490425269350809284087158953657779276875144729154508107668034933280850872365310870947418222230331424879754527439286515535641046981453824580706819966695,25282537769638665470774205311409760284322480760950901537310300120769620774439585765844938067318992595421701918824810171927081389184070019691531170747752628485,True,309333378067349935540443437639680518355743540825808683595743960071810111302692250590270291409378734174681879195811055007426784648372479813878924325615680964899130060675,6741167099490425269350809284087158953657779276875144729154508107668034933280850872365310870947418222230331424879754527439286515535641046981453824580706819966695,True
BARRIER_COMPARISON,EXTERNAL_RECORD_EVIDENCE,,,,,,,332,527,12235060455,20278419679752320685772283058654128006711493313026580630738680030677589145309733865512913089967546303130812645130395429182156522510920874094862065968449380357301,185684375871005751852033028719531572329278407085145591162242315709277553257681254131495768452540250665901846738738124244375195975547676360075777964901098799887,True,2271859564330698655562352321040220026729926477212856640346748446062207068482212337419069246593511765218163101944605540543231716463298522000301491781721811912545392168585,20278419679752320685772283058654128006711493313026580630738680030677589145309733865512913089967546303130812645130395429182156522510920874094862065968449380357301,True
BARRIER_COMPARISON,EXTERNAL_RECORD_EVIDENCE,,,,,,,333,528,12235060455,61054932564381141568196270001532988603087101868684327665316662922726704817797926590206661178403805455151711417355713675003657471148753554886588566810663822900767,117706077364658233797257435017385551082591362046265227285481285739957896035593775058643488355287660479158576287159597818749780694661163876222596084071932741933,True,1440140972477500570922968930635946193538996012696847562802179074799514267150094669664174250319033044878019448405127119545889699317171235766245600125666359666244168559515,61054932564381141568196270001532988603087101868684327665316662922726704817797926590206661178403805455151711417355713675003657471148753554886588566810663822900767,True
BARRIER_COMPARISON,EXTERNAL_RECORD_EVIDENCE,,,,,,,334,530,12235060455,183604144743391783726347651655740174975166549465262154542151234429567989217131229757955827352213749456973681215996195799925348220678242529863770438242622832360029,1231812332590692744909455607334574985058261804557138774258935179995623215581681299847618099070529164474569656719588343285000956547947222036677263873478525541255,True,15071298358461692504297082856877266353918554875973987404882669751172756678043368694178589729880103636186998060072760362805279998096962367768054550815997231141516521571025,183604144743391783726347651655740174975166549465262154542151234429567989217131229757955827352213749456973681215996195799925348220678242529863770438242622832360029,True
BARRIER_COMPARISON,EXTERNAL_RECORD_EVIDENCE,,,,,,,335,531,12235060455,552569822431168787266078321571785361589120623832623149811258685934255466706343489223210857324650580736995231503704806499433547890962655050407330265970393951710999,180660595785206060657633612874051627932834539998043953166840248883871536845444000856103761192922761275333258726326830539996411787986744477993889135384667361941,True,2210393311268314346778544310754087968549397276388183348743479146421414527757767341791501273948292902349235320788765071745396393709092461426892650691999084853413501143155,552569822431168787266078321571785361589120623832623149811258685934255466706343489223210857324650580736995231503704806499433547890962655050407330265970393951710999,True
BARRIER_COMPARISON,EXTERNAL_RECORD_EVIDENCE,,,,,,,336,533,12235060455,1661224243695493233972305697924485758094603822371542821803386023093869398228930067568319322509970406943134070222546857697615650130743820072854028700396232764394821,7571534591329362530114367256881501538282405367340876598720451328857610830335531799941812355616097748122751199043856890250002151075670076698057472376255820609471,True,92638183462038469372561041452017686092060726532232107778039497653457954596017979506863039653228914719471223681225327248577076382290866668035219955587982471702512630569305,1661224243695493233972305697924485758094603822371542821803386023093869398228930067568319322509970406943134070222546857697615650130743820072854028700396232764394821,True
BARRIER_COMPARISON,EXTERNAL_RECORD_EVIDENCE,,,,,,,337,535,12235060455,4997731836694427190613200026609975967592779270609321954888597930446020187126388602299704969673985879757995713513370325890106976223654879905090237711128901930231759,50832814989883064982908967443681891232782823091409608753041076315396817370203394589319441354997611101555259288591076265270058116073849603150475637009174735923005,True,621942564499049513446584758435074747021832318408966554261354733817148707839032648446543262285222888208107741919112109879094777951526957139123827880811888283676626400267275,4997731836694427190613200026609975967592779270609321954888597930446020187126388602299704969673985879757995713513370325890106976223654879905090237711128901930231759,True
BARRIER_COMPARISON,EXTERNAL_RECORD_EVIDENCE,,,,,,,338,536,12235060455,15049431932515071526624731811176002676014209025806739822579553235995708531137559405278102917598256274988361151923029988859361031996658318461383319573147520338884461,40025600106069285378463439638896127226606041316680910431604339630894512593822987009982306912395561875917755099935206417729967696834191317226214031505895111390647,True,489715637045412119024147738989137486082896399977818739075119238024346747313183105635813213553524088425546942255591817103830138635963442877298811586243901376753525166564385,15049431932515071526624731811176002676014209025806739822579553235995708531137559405278102917598256274988361151923029988859361031996658318461383319573147520338884461,True
BARRIER_COMPARISON,EXTERNAL_RECORD_EVIDENCE,,,,,,,339,538,12235060455,45260768642408794489444458896220157574514369505377767383566178597302421532929465412592284769947366096393831478534927988956163302641362312876375171598964190113031751,345022490045367675275917244300987474623302979865138562949850797523275416815043354545898955042381228485249310831481664009350316393277288936129067853560943526928677,True,4221371024039709199703656289599585968213890310431618064643247640927238994347378996315072787264861417674193393770264476378398806345125185712041778871115231078813283568168035,45260768642408794489444458896220157574514369505377767383566178597302421532929465412592284769947366096393831478534927988956163302641362312876375171598964190113031751,True
BARRIER_COMPARISON,EXTERNAL_RECORD_EVIDENCE,,,,,,,340,539,12235060455,136232197306680703106614430539429070909430078227963493814008611349168448356855545024808758378452487374896486526668136056380810734529636368598026366314979086724608725,135284711227463749265644031365766052095969515935032362229401278047458734310832489573888727906365514025763750367740813003409295968733006870585500524509797809759087,True,1655216620505236228586116578270063864780866489302206804258183215364921973410818271314685775377427643432369913296837328867562857286436128815543960163811585442229018430604585,136232197306680703106614430539429070909430078227963493814008611349168448356855545024808758378452487374896486526668136056380810734529636368598026366314979086724608725,True
BARRIER_COMPARISON,EXTERNAL_RECORD_EVIDENCE,,,,,,,341,541,12235060455,409596374678950748596405399319824409100064174107550864768645985162027712586700932648490083272578240296119443762131112348167073856800007965731880801981110292944853119,2205419651499669800921147497171690899835787395125863739928506063187111235201092616849282458160652884937259615356630797059511194328396740487359907645875458971331149,True,26983442764743491426808054315867579674064208351891915192117669060928355939495092249205122498966596149477530275918424187137955695357187243087794633390502971915108719839612795,409596374678950748596405399319824409100064174107550864768645985162027712586700932648490083272578240296119443762131112348167073856800007965731880801981110292944853119,True
BARRIER_COMPARISON,EXTERNAL_RECORD_EVIDENCE,,,,,,,342,543,12235060455,1232388255072486802895464628765622012787288280017294127612418559944172607824639988241725482366617833574078268014900153760599788183244419336946849218088023009918667133,13814521025768123615260304103812643673698877574660657832746727105740273834677658443058312472248184026251652303083525823375666808673981100964493347227010639082208999,True,169021499907141605244622981271832291341079060591616924693725484842119427895535826488659628188237041325154272971866921363554935580063077155828034911767781778099012817710034545,1232388255072486802895464628765622012787288280017294127612418559944172607824639988241725482366617833574078268014900153760599788183244419336946849218088023009918667133,True
BARRIER_COMPARISON,EXTERNAL_RECORD_EVIDENCE,,,,,,,343,544,12235060455,3711561289359998637111387609521461180310247870830448516063178097664875703732068725910197377295385951465114550958727728146193631001110839769845374902842837554092432503,12650514792227913995793465862247647124330571166849707046395345652505060987735452959133077025679650592995463081196043741338467523266779784883825544523494868573764789,True,154779813269780291877073670518578664747691439631086057611686543889020843378405280501801841799362112468576090339154168882100532764223169761225500688918253884882291820365318995,3711561289359998637111387609521461180310247870830448516063178097664875703732068725910197377295385951465114550958727728146193631001110839769845374902842837554092432503,True
BARRIER_COMPARISON,EXTERNAL_RECORD_EVIDENCE,,,,,,,344,546,12235060455,11163476916365072368184150275013573824827509674048477814641379128659342871712503700100633992277222755881103146704237718167369425906087682827545779205686049710950159717,95537640946836655687355290485123509166523836614813654042875708286946703995801403617482951859168754750505376899697198681592468375310666390670785627885558703067018783,True,1168908812712629923344811558149572412794165803180787605774039452941737410751620239433759610928784360419501728170355697063430146244601632696193710159524944553476368726625526265,11163476916365072368184150275013573824827509674048477814641379128659342871712503700100633992277222755881103146704237718167369425906087682827545779205686049710950159717,True
BARRIER_COMPARISON,EXTERNAL_RECORD_EVIDENCE,,,,,,,345,547,12235060455,33605602942235522931952400610837482610069593268373962509731516728636891657202701189782069418395927873586347415424931289417262409329283702554675955605688297327541927983,56268536559898312262166299861848256325443017387382830513868439543114027857024031892113972448987052365440180074655326214469141903890691027935120906396379719818158685,True,688448946524733579180072488073371564178131472392245085566199073726512709789243126587862490663560989203411355899494329521776246926076404438512298107494102065111133117758301675,33605602942235522931952400610837482610069593268373962509731516728636891657202701189782069418395927873586347415424931289417262409329283702554675955605688297327541927983,True
BARRIER_COMPARISON,EXTERNAL_RECORD_EVIDENCE,,,,,,,346,549,898696369947,101047153212987180450657101404105970101382908297578945660809308871228401055738483748306543138316302832645118196899230138082095491209892415808105102794325188372008681613,629494382240918246386298042772589311324586037076264754771122689264794251831832453597011683603999580868472441472838518304023952155754689371959834673709731938220271383,True,565724316221942491235363001719356953321258129772921488306706109664039060387099581148740722861861321577005652810648390597944440725317144484802884670349199288845006359591305326701,101047153212987180450657101404105970101382908297578945660809308871228401055738483748306543138316302832645118196899230138082095491209892415808105102794325188372008681613,True
BARRIER_COMPARISON,EXTERNAL_RECORD_EVIDENCE,,,,,,,347,550,898696369947,304062837184083987971170902498691999388845238862565069508886961354956107503736971960760968947462985345479658393195435493567519526517842480000624252292016750673557635495,45728056477861500759697555569589764580730171572329211395298585252574082452455929108355985783845047516809719423025396269605750690933602963261616203046824699597632837,True,41095638361385529102165775947999633372668519618750755632584025428673036037716414704676696848970281599290621307800502915885883474777916107484976884958498638793251382126027149639,304062837184083987971170902498691999388845238862565069508886961354956107503736971960760968947462985345479658393195435493567519526517842480000624252292016750673557635495,True
BARRIER_COMPARISON,EXTERNAL_RECORD_EVIDENCE,,,,,,,348,552,2081751768559,914031266642496857151911904068824176335928744527351673579578953547410131184253957313965585907417109731527582784581796639345024685329857905154490644694132623135736087797,3822694349923370979077485812205125632528246394029917740022034720841339593443450650690426087407842532727644368260056506093749463625461739195020624245305216328919261135,True,7957900723613474341821611475857250833200460469294695634448159155741162555089613432830433841870546912432355501895368917197937306557762615552222193529144328745475757324905803654465,914031266642496857151911904068824176335928744527351673579578953547410131184253957313965585907417109731527582784581796639345024685329857905154490644694132623135736087797,True
BARRIER_COMPARISON,EXTERNAL_RECORD_EVIDENCE,,,,,,,349,554,2081751768559,2749464820288470144409332498497465241685358345340680880950409138572397628244934037668627473982363943974937178773727350552604938479094895576073943485354727353867460988639,26210123771729258844426030018600802252728962699341473643410660022858488164674683405532710782448757158891793944744090787420977237087028938806004975280574617907263233901,True,54562971515947672205110180630477443756234749383435655341827426819299137103396492208361129676888148912314504216983218119378078273762003938758213843099689288066210908624964434718659,2749464820288470144409332498497465241685358345340680880950409138572397628244934037668627473982363943974937178773727350552604938479094895576073943485354727353867460988639,True
BARRIER_COMPARISON,EXTERNAL_RECORD_EVIDENCE,,,,,,,350,555,2081751768559,8277878542309328725042384640656366575766363483056546083697916527437861823503490775912805286987542291046229258001109894196094273129705974170663716661153499999443393866909,19662208427351192904503799727860705337609994029017539236853756627237586956646724402752402266445353233839938474376587285704016326418511931534242515663087978039767899719,True,40931837167414019896749157079809566242170776248100692271550483049594813557678868985604076425558414036873761805761208886997169404931147447868452479250042656879498179273905209134921,8277878542309328725042384640656366575766363483056546083697916527437861823503490775912805286987542291046229258001109894196094273129705974170663716661153499999443393866909,True
BARRIER_COMPARISON,EXTERNAL_RECORD_EVIDENCE,,,,,,,351,557,2081751768559,24892603789815822758755928212297041428719667343238645132787127805754923348047849653552261591043527791381523217363185367664841734773960497396874922393639135874012203402711,176922951057726745971059979839465518853983770225066381097317716764388515944694824835948666961137896187190702142841132010229879748940685564370272367346535685483347303125,True,368309666263100053127410240862674228779579272548714624322515043965389636178057822235770854486887307510760787107660517603265639047503171080417735537848178385276763631023691817446875,24892603789815822758755928212297041428719667343238645132787127805754923348047849653552261591043527791381523217363185367664841734773960497396874922393639135874012203402711,True
BARRIER_COMPARISON,EXTERNAL_RECORD_EVIDENCE,,,,,,,352,558,2081751768559,74913684020998814610782881798202891091841309605991962925134896311030121554293058263912167693454187047115911425528978843300760865861251791730159856821631951124764697416069,59023550070487568882985616894862945197336158123144089744927362762462527535065867997080160236206342618888559549677915418218316168081457614040637820610520050993867493503,True,122872379745868185633579644095040566126470042428493682936090752629748126514088605591478062619813660931724354561473989040700393811670598294003694213152333497277214520263170692172177,74913684020998814610782881798202891091841309605991962925134896311030121554293058263912167693454187047115911425528978843300760865861251791730159856821631951124764697416069,True
BARRIER_COMPARISON,EXTERNAL_RECORD_EVIDENCE,,,,,,,353,560,2081751768559,225212797366099136501378839717232206886888543970527943828951714720621067683178193398247268921009768487290417823465782010514753920662495974269549749746324940379750266664079,1120561256416848044709345495931656058321238779473542376328833663348793623203234817012772162003033719742032772406724707479597594661725571000262272024689734163893951312253,True,2332730377324468504398041089271085938803945677720781428871181016422085943582435539006103189541137505996289077207437094660294228096689624776510107440241403808937796306405321596853427,225212797366099136501378839717232206886888543970527943828951714720621067683178193398247268921009768487290417823465782010514753920662495974269549749746324940379750266664079,True
BARRIER_COMPARISON,EXTERNAL_RECORD_EVIDENCE,,,,,,,354,562,2081751768559,677525373310708180180257296442190755106124092521792051701043247311986015130730654620784870125618134845641987657912727953994147054302450319124929966364691169161075497655725,7135646194072085486369591068783237065880637558837067557362707290292005032001853303124443211186759926767566692250937967338563368615101505633348250325501898535331249263735,True,14854644084320861303183331895757114778109979234903545806865178083397624086907985505944985575350198610793331285714371794133654870936780193907526421523861824695237999901679202871907865,677525373310708180180257296442190755106124092521792051701043247311986015130730654620784870125618134845641987657912727953994147054302450319124929966364691169161075497655725,True
BARRIER_COMPARISON,EXTERNAL_RECORD_EVIDENCE,,,,,,,355,563,2081751768559,2040124044781767623245254998488548803100206120006209035959882154536449293716976261566526863827209722072008899723799711551781982332167200542639912767596938899570525283621127,6311088882930091050142554882396635633974227794845440958583296669893518446436964501028822732849644710136826576629758522416607767325605346369799013970774911431396166483301,True,13138120443572760749593161175495916487537368897745831339588994113667407236081240962128252699143451461162137640774873341789875866223495303410594867759035021012015555775184656290333259,2040124044781767623245254998488548803100206120006209035959882154536449293716976261566526863827209722072008899723799711551781982332167200542639912767596938899570525283621127,True
BARRIER_COMPARISON,EXTERNAL_RECORD_EVIDENCE,,,,,,,356,565,2081751768559,6135467984044589035144731213789599484864286044900292869593151288810330377800497380107925098382339801286192572671522190034945029335021300798449984039796547482886173432171285,49124966047362603968360101295096058029258053147867846302759540411645548638448084319775481999970204270742226730135386326447987979016214380169888515923786302643383662065711,True,102265984949497928568693152550038605156197244307167106180780062614053151757529153997798166151244643125922125355061104106591805091844176466855753396902205969183443555185259873521780449,6135467984044589035144731213789599484864286044900292869593151288810330377800497380107925098382339801286192572671522190034945029335021300798449984039796547482886173432171285,True
BARRIER_COMPARISON,EXTERNAL_RECORD_EVIDENCE,,,,,,,357,566,2081751768559,18466787350930911767070058514664610756847528874227541655633473167234921119999766521957153322749861944139241212015058791623231417359142699077470935067412565585356910621745471,26608100547798488633350557293663569578432680390277445200240019627076672718795489692570390794225532250899692189421715942551305228891049776267699651725512634533370335733901,True,55391460373375200426424781555912392694251182465782869894287866749955735075445737547740866238476774408023526334237375994886705302837767174071385016206214282960743114116956001962218659,18466787350930911767070058514664610756847528874227541655633473167234921119999766521957153322749861944139241212015058791623231417359142699077470935067412565585356910621745471,True
BARRIER_COMPARISON,EXTERNAL_RECORD_EVIDENCE,,,,,,,358,568,2081751768559,55521128850387024624481905290585456875051928101735951060608458103312623333195848329138216023455270912979050624046160817906486910785585690596654771098283543029467512515699645,321357896831974112443511165064239917753980999277484523016797262096949964549483995611223282794046757875353052570234033901239233102988336057287030747268230450393672308128167,True,668987370070362771838583696856144023631434648308785506978968242434274645620620661534529863145944633163556278464604000634437535853902825975205905397619450098061404445228515243092901353,55521128850387024624481905290585456875051928101735951060608458103312623333195848329138216023455270912979050624046160817906486910785585690596654771098283543029467512515699645,True
BARRIER_COMPARISON,EXTERNAL_RECORD_EVIDENCE,,,,,,,359,570,2081751768559,167046453741538231166532634858122869043193150221421157556657528716369309892373740040481672291188553061182459824142420225866631367189387445246932176879034014181989660148951863,1930208071250236923504371467925716589336674830259062318714700599153729679220842092967718290027620918116675061718577645998058968974225755085796819410171461538355262128090357,True,4018214066012036997752988499322059453089028348572104110121323296040453698438995780168818647159891139248611633241379492502422287343266575737584717588861579290900913747196134678103685563,167046453741538231166532634858122869043193150221421157556657528716369309892373740040481672291188553061182459824142420225866631367189387445246932176879034014181989660148951863,True
BARRIER_COMPARISON,EXTERNAL_RECORD_EVIDENCE,,,,,,,360,571,2081751768559,503071629986123322671945580519834600801728914329116690169301203774833689248266000333713113756856620472528611280443011766188576640898683829568667984973835582920317470854267301,1926086690733452425817762512845162423711097161070751957486866546009669895372965854366961103500940176387561569124230760816811828261634277601647549557047303866368805569447647,True,4009634374832316264310015862951668830488187431133321973626295613170842049008452158245539710591444458714063708333868515110828142903567335964886147182571821885835939595546048239011130673,503071629986123322671945580519834600801728914329116690169301203774833689248266000333713113756856620472528611280443011766188576640898683829568667984973835582920317470854267301,True
BARRIER_COMPARISON,EXTERNAL_RECORD_EVIDENCE,,,,,,,361,573,2081751768559,1513079427481387226360532093450435789749485670317056505506560846575952586887087561425675535037151783995548297457360537475743095001357094476361746863594973829509649393377625327,13507335118234873966843991320399461959731146142625125869775070140932047970698018412173270843666665685087611939435696636805165642106988808116428466018076073096500378337989789,True,28118918770904538250827946858884025549022357522565946634354235389413564239642426839258451593550791294205733507782145470125361866963166790390394452715741297631241422078722856307633244051,1513079427481387226360532093450435789749485670317056505506560846575952586887087561425675535037151783995548297457360537475743095001357094476361746863594973829509649393377625327,True
BARRIER_COMPARISON,EXTERNAL_RECORD_EVIDENCE,,,,,,,362,574,2081751768559,4554696432536230712460377687915035318625652720269995256514311480733663837230420925975171380177783042298494746836207621135938745318715455379708212225478789811523736103392169677,9605705170566555142969158833742487124802019790223897620067328411183990773777571840230262398344616431563126890055072492996576297032622523103342128666491573299925288495381975,True,19996693727083256920892243496536000416835891651033917049161311968636540348458999059688024933546542210363030992224276711204575847879641241188239313475120564998789853067829722560500324025,4554696432536230712460377687915035318625652720269995256514311480733663837230420925975171380177783042298494746836207621135938745318715455379708212225478789811523736103392169677,True
BARRIER_COMPARISON,EXTERNAL_RECORD_EVIDENCE,,,,,,,363,576,2081751768559,13695005597792830204138695878872561854631349579447637249532192324212603664829579261321803690666004507519183949436874880825235156585434710040370579945824106080560784156695096423,90649715879975798944033106756139258883188896645974652838717749256776278597965682313269887460344610542088798526669252313827570149674555371801912924774948011878927558523320709,True,188710206352510486425859924649840153710970036786429596855286724305117925786313560095238734494851289975597432038917149531956747049658641983530606029769568350786238385540166860406299788331,13695005597792830204138695878872561854631349579447637249532192324212603664829579261321803690666004507519183949436874880825235156585434710040370579945824106080560784156695096423,True
BARRIER_COMPARISON,EXTERNAL_RECORD_EVIDENCE,,,,,,,364,577,2081751768559,41208681994115042879446338897127509158911614412893517668553608500684259607042003717550569272528635045052350684023632712145381152273457505726095512915023264825640655856159638837,24618746166822862771596799248770586614435340836712118602090191677431610687365179769493261319790786636668724153991617602131345414716914905438192619222950867720175903421262991,True,51250118372488596624846997308591851291060663025977407734649019318520558395194428621017564707707216548758939867774171002498163124897052910728265731931878429199239851273789810319704099969,41208681994115042879446338897127509158911614412893517668553608500684259607042003717550569272528635045052350684023632712145381152273457505726095512915023264825640655856159638837,True
BARRIER_COMPARISON,EXTERNAL_RECORD_EVIDENCE,,,,,,,365,579,2081751768559,123873376383818233172399519212402174666769974587781764845574888558145676046232543019822024218647148180146649723496914275775494821854679268388254084900171687644838574340627615647,568517041446677656435795439785606139913568720712560035634396687218089282275159273649112586081858449889201515314007131485096766312764247136249670167872638938993741254561187245,True,1183511356487551515180006545207632773556880883744554988866369365149228113113075789192449971676814956402343532101277068194238645422848904811911901910549288533916670164514790972757502829955,123873376383818233172399519212402174666769974587781764845574888558145676046232543019822024218647148180146649723496914275775494821854679268388254084900171687644838574340627615647,True
BARRIER_COMPARISON,EXTERNAL_RECORD_EVIDENCE,,,,,,,366,581,2081751768559,372609450757347117653440567721285112760450449159750141896380917898808617039123756528147338260186416720398339856194807384683889925701264810004632439320922635606182150110477643485,3684194336124869241791406487513995940021756954947374826215694510397445647677732758309868966735519709584385917350150509170101219212746751088489379744433062160314077940873154823,True,7669578074942997446761881848750327199405438229900156029248797324222350091049197380894939025245218096231297446295649425329692560461177698754644124590662478587025812936318059085466070610057,372609450757347117653440567721285112760450449159750141896380917898808617039123756528147338260186416720398339856194807384683889925701264810004632439320922635606182150110477643485,True
BARRIER_COMPARISON,EXTERNAL_RECORD_EVIDENCE,,,,,,,367,582,2081751768559,1121785638695611025505289743500169693321913449064869815127767762593912206719075779459167077197539138881028582311400680383481291617652702449373378056444398197505212158685812116631,3138010161235262635438138789913277738941067693603345601397065736219625739624178525479482066246781689086032266417935068651059976540424214546506662270038605107610817113861092117,True,6532558202907620735398196693741266083277132375034503837147635057568387266307712089414460634876561380596824938919675393001171184613009158988298698335928983819974229037859432587623963349403,1121785638695611025505289743500169693321913449064869815127767762593912206719075779459167077197539138881028582311400680383481291617652702449373378056444398197505212158685812116631,True
BARRIER_COMPARISON,EXTERNAL_RECORD_EVIDENCE,,,,,,,368,584,2081751768559,3373271488933972421605805311173137790046864550365848224260553305576709331360636358126951356426577194082752872419834557609303118534055923386839095646296455173888967892766194722245,25243176177984478086186577714997253379071609423287594558691232798604299625690575075338695866659899946592347770518838123671667291816904721077442940736636978069495284759100021055,True,52550026652565605415969487786243229279709761754435440012640419002902487812602896374784094786347869957984609616693571944979326547380075351516163445879903855342129106655767787100420387009745,3373271488933972421605805311173137790046864550365848224260553305576709331360636358126951356426577194082752872419834557609303118534055923386839095646296455173888967892766194722245,True
BARRIER_COMPARISON,EXTERNAL_RECORD_EVIDENCE,,,,,,,369,585,2081751768559,10151472758190474645177160256209928210465090463782499788290659987910018838895545153378654568615570692006927119202033738663346330326559034315393132846742407847160229345133617656143,12412945756838673539071087763962079488221202899952552658073556036031209249799567230415088928301480322440039426496382700141052426668185853480637006503826283221834520607233084349,True,25840671782325843408808872538651963719615826745978606033131201687918159383089648698189432832170866609177289650342532771034727667976034556343420934151243950497561641798545403951067173183091,10151472758190474645177160256209928210465090463782499788290659987910018838895545153378654568615570692006927119202033738663346330326559034315393132846742407847160229345133617656143,True
BARRIER_COMPARISON,EXTERNAL_RECORD_EVIDENCE,,,,,,,370,587,2081751768559,30517734857348538696250969414010814312044265016717409595889980106089838206313907618131564704518390295538118361491161347660912940428459631255931090355933308192467339369070919947245,163872002824745542056190554053945599762650859439678120010220952827657007003943017682447264128260880001994126049609411442171056177569614179945294650923648151638806229161833210679,True,341140831697719475904625799256111339397874397272591246108973715705333086258707026946894001550258086357084947350503964440910686952256486665440401609430667082550336281733152126553589495241561,30517734857348538696250969414010814312044265016717409595889980106089838206313907618131564704518390295538118361491161347660912940428459631255931090355933308192467339369070919947245,True
BARRIER_COMPARISON,EXTERNAL_RECORD_EVIDENCE,,,,,,,371,589,2081751768559,91806470903154075131630862823556561658728769551631869711741940887708641377450811486377098108241883764683703100013724569666234619080509007006800038330624263181348623441893027756999,998148670691154711924480825210074244479901581278316208174663997361224538030006317012149781758208396144678409229309287693504764122969069017849418478419621662809629356846035462565,True,2077897760496126210426674124328955811149730859956395450365241589682313691213873404249984816865756205189467155649417357833958076650082991981961760056199742171881614270549520038462320388493835,91806470903154075131630862823556561658728769551631869711741940887708641377450811486377098108241883764683703100013724569666234619080509007006800038330624263181348623441893027756999,True
BARRIER_COMPARISON,EXTERNAL_RECORD_EVIDENCE,,,,,,,372,590,2081751768559,276432478033896061566404406796766159866570206660814172831513824940882431166388788987060910303472502806328501362202135815732687048422047473976427184043170143959832291664400154932053,968315363205791792749805823437272952671908731997821231947987436570659546017309895177217387780922163879251103366003649612547910007866301141494117332664156156856045393095963065583,True,2015792219876507500428835466744380261624761907314699502942442998781683343890610919112743201737340831095552212556630215456970166776994848003323059256968262818722421110248305480180753554404897,276432478033896061566404406796766159866570206660814172831513824940882431166388788987060910303472502806328501362202135815732687048422047473976427184043170143959832291664400154932053,True
BARRIER_COMPARISON,EXTERNAL_RECORD_EVIDENCE,,,,,,,373,592,2081751768559,831323564750555857042236857042491429380478415994279645887117479378160307567239076017041962867911211443540288210928331660666027527627183327841335690232105140711069717670642608118271,6957207387352720064296690774697718419551318219667718480995971420738006774197347797250116078330172540747321558741859375773576494745680715248590628203181886133713821534172175840973,True,14483178782853264762988880212718115128523147067053072205133892536875565491173851344612652102931878062232355146453134362460718626677492799895093619594166715850012106733545425710954675885367907,831323564750555857042236857042491429380478415994279645887117479378160307567239076017041962867911211443540288210928331660666027527627183327841335690232105140711069717670642608118271,True
BARRIER_COMPARISON,EXTERNAL_RECORD_EVIDENCE,,,,,,,374,593,2081751768559,2502075216847138260498805117736246087264506432030187447231656456356532978974008064274562816433708446428840001130072691835869948112325713607172223623106694257459500523721696397643261,4662576971116781448700979106549557012511586564306136302379877818109907778010370944876492575040893425803691681650184419576998425348714898449338779788787987748558723182979380946023,True,9706327855664825242157145388214448010973995820723321830175423448504634635513479684740266317916211910914271404226428223022923374646445376144783091489452437974656946589434240051214366767490857,2502075216847138260498805117736246087264506432030187447231656456356532978974008064274562816433708446428840001130072691835869948112325713607172223623106694257459500523721696397643261,True
BARRIER_COMPARISON,EXTERNAL_RECORD_EVIDENCE,,,,,,,375,595,2081751768559,7522434695732356160240604446426281860039661664185259360835577405513703049466605865270562304961074963482958276384793469215353575395865468068813103974140840443031084312584626339506679,46405821295233101834481123754735867529819495882312447188355706342537948423194457728377189045021928670287621034101340674218457393822799189940882549007879304550841652388012435991861,True,96605400552784413820090426664523138782112878223041755060978778669758027582556587752416178935507480284308402282945234397787235134711402175515344809054452733074729586990706794316942422079698299,7522434695732356160240604446426281860039661664185259360835577405513703049466605865270562304961074963482958276384793469215353575395865468068813103974140840443031084312584626339506679,True
BARRIER_COMPARISON,EXTERNAL_RECORD_EVIDENCE,,,,,,,376,596,2081751768559,22632140267960833995698569712149019973103554464934566159069164362317525598578144285599182337523023387234627921132681982477035650423149713195625044341705552011703583903432027604827621,9545102358168275549930625523858816620319542889361188440202827474780944912929993610140721855468792439356679145700872360705523710361779591451182808457576548431863025807740135360415,True,19870533715193489085795317994050237349575071625638106901126302712297588043605168464467016879487062646662854567771904278487845361045942338222052288818976522621153772082504086297629979130191985,22632140267960833995698569712149019973103554464934566159069164362317525598578144285599182337523023387234627921132681982477035650423149713195625044341705552011703583903432027604827621,True
BARRIER_COMPARISON,EXTERNAL_RECORD_EVIDENCE,,,,,,,377,598,2081751768559,68026093165410033017049221882187408705279802339561274630332357378505409696091086236372537857848667155275389947354649097093056799740555757565246597863682717400331413641652379987098031,287980030129566886556817368052274021799236518183235871570337065530008635452096739980403856125600364461082405350308916406016268073298574731096478102504852375736912940135814751311581,True,599502937031899972006337877981189070042252340963888637266998974730845753538944694978964090492531944352513268265443310665211256169314355391314121143145692921069531294026744852199284511608381779,68026093165410033017049221882187408705279802339561274630332357378505409696091086236372537857848667155275389947354649097093056799740555757565246597863682717400331413641652379987098031,True
BARRIER_COMPARISON,EXTERNAL_RECORD_EVIDENCE,,,,,,,378,600,2081751768559,204596968942340223170961716629523621259715962797714128503496529301727560689699872227417576954664389440112194577890359889926969793106093744609225652945312397661876888650382328651754765,1901318982608948899298554070079612353150821112610316839709925529012689109209517256541138330613577041955296687703751946513647591988748668020261153016043048048976034271257821634856087,True,3958074154640977935014821329939720642100865527239563178055477190568349218249350843279144430893878858707638623044840323314624648852649179680534220536192132176032873793197164929823431831696368633,204596968942340223170961716629523621259715962797714128503496529301727560689699872227417576954664389440112194577890359889926969793106093744609225652945312397661876888650382328651754765,True
BARRIER_COMPARISON,EXTERNAL_RECORD_EVIDENCE,,,,,,,379,601,2081751768559,615865664611461165992141353820416444354654111509263603960487416570028008474806070755452584388466720217480682676976730064372106954855987121481620396252994174829161256852847740717106983,1554441378945853739383254346547675908440017105588513619134119257347414516215643623223707942893627331577692176499955050358547624890834228752896584214015180459866921010371955380882885,True,3235961089741821729061233205834548198406162564327100469148510506201799824217985496468424655016504473522520596140479404667910425179123085015235233181556182876801501735123773296567982307604212715,615865664611461165992141353820416444354654111509263603960487416570028008474806070755452584388466720217480682676976730064372106954855987121481620396252994174829161256852847740717106983,True
BARRIER_COMPARISON,EXTERNAL_RECORD_EVIDENCE,,,,,,,380,603,2081751768559,1851746509403264490934936469324940494214974780760033248781457907039774678235831120412757460214347264446730245917541490982298716015643373139752748063593096488174544952361944731675006325,12962355274599547135174578767025350027344943781250414657393672431423549171472747162470537926575089583309472302722466729440433176823326236874463502310273468753723126637918885190019407,True,26984406017587689339150161185472872051011355727764479537481373649611895133714090556143291240379777625768352334409521344555658318295018163098440556398708975932998744494306762875508573297782424513,1851746509403264490934936469324940494214974780760033248781457907039774678235831120412757460214347264446730245917541490982298716015643373139752748063593096488174544952361944731675006325,True
BARRIER_COMPARISON,EXTERNAL_RECORD_EVIDENCE,,,,,,,381,604,2081751768559,5571837590485317444638859039429586127248974127209069493944356350438086645953144993823871208838830208517343529299069676103625728651231766520489791690115745319271879584299440233119760479,5690941272750697737424473391546760873935261485811748772215758656745425023114976316213957388148438395622833815276993874862138321866684508160295508257908696764679925486544579380575213,True,11847127059314171409584637284541706329862595044160726092300752424809702756901735401477804619818276056501894819276231511459266783854458857084382241779965218588619276327178516683307214393468128067,5571837590485317444638859039429586127248974127209069493944356350438086645953144993823871208838830208517343529299069676103625728651231766520489791690115745319271879584299440233119760479,True
BARRIER_COMPARISON,EXTERNAL_RECORD_EVIDENCE,,,,,,,382,606,2081751768559,16748708896007000277584676381198287670955021951485147977033034309951785160350738246642811282908067455906336170990099434624336347162298593763932470069020147667312128207325532775548764445,83465072920347980548471945993698861038004924173314236716577793245286720051951459291037184947598975895479667631611794251504737382806641929407076522119549509287018685314057890520691655,True,173753563164840307444485604397378938635930729410747603317188994322481073559186278738337552062096941811112008825733359578793216693624567835675025580172219074186611743293019093936358654180162675145,16748708896007000277584676381198287670955021951485147977033034309951785160350738246642811282908067455906336170990099434624336347162298593763932470069020147667312128207325532775548764445,True
BARRIER_COMPARISON,EXTERNAL_RECORD_EVIDENCE,,,,,,,383,608,13179928405231,50378911186225192607426426195232980169697464133887201911898963964405456371017427800613224474290509689136230845341859929126845686321308958101649790201752089839922342439685446631404225367,515964215169427490990209941257330896778811331383458671749455448836061940086280499242692805975411570520883667637958633262187501817246279407925989555741942203832971691359870281077939029,True,6800371415594257009793887332109615397369621905792620312483797866570561161163706810926278697489542728054175369592434373971651311920678669768874222426687458489542872119600263855398592662104222660699,50378911186225192607426426195232980169697464133887201911898963964405456371017427800613224474290509689136230845341859929126845686321308958101649790201752089839922342439685446631404225367,True
BARRIER_COMPARISON,EXTERNAL_RECORD_EVIDENCE,,,,,,,384,609,13179928405231,151667871551492344920968866792251409136421985519388637658896336031416772672913135644578835925136758353077581865511826288395883638301579581544358890584022856871710858589891733113244404229,485616659874748275591453410667055435677247758696312168849478070107378700537137012249753413395776140224872343941382897755869346776433423744958928709692651907611252532408824405170360831,True,6400392809536595988123631834146479672256297952705554755225240296637051369496205344951436617290390496065482381803907620564252608429115885312941780944333694228841985540181447185348506018190657906961,151667871551492344920968866792251409136421985519388637658896336031416772672913135644578835925136758353077581865511826288395883638301579581544358890584022856871710858589891733113244404229,True
BARRIER_COMPARISON,EXTERNAL_RECORD_EVIDENCE,,,,,,,385,611,13179928405231,456065890640110568960285776789859164663925142793619976823087896370651125138461111419214832779940733630570524255507971867218344073580044159111895711709601745319020238311345985777796668943,3581401950891313221532713058211040816350115746997064199346210763123750341054820007705910249248245563350174349769134697328994357679911100192514866044144305130609082680568046091637995005,True,47202621303102138046886955826804172056474029387461276630128027496060418336478446210509108802227646864390534599358513864394160479953187903926187115504458445166099218257783030317740061990815993871155,456065890640110568960285776789859164663925142793619976823087896370651125138461111419214832779940733630570524255507971867218344073580044159111895711709601745319020238311345985777796668943,True
BARRIER_COMPARISON,EXTERNAL_RECORD_EVIDENCE,,,,,,,386,612,13179928405231,1372446775862865843670374036021997243010412173322676185854859242217556603894270152199557798357944035177062687402413887609777804855441354135250963294958937934772611365100721103085643831853,2245997967605666085564727869793624411776857357358681826847526078164794065390824139291130711501068119348293777527460075741437803637289984746992278472167517760725947708337846770406334967,True,29602092411337013810596626182953584010601546045005380432574856063584198097476017928908130605257039088395253982288377582376870821196202719829114255827545885580004608224394335906442010227471901012377,1372446775862865843670374036021997243010412173322676185854859242217556603894270152199557798357944035177062687402413887609777804855441354135250963294958937934772611365100721103085643831853,True
BARRIER_COMPARISON,EXTERNAL_RECORD_EVIDENCE,,,,,,,387,614,13179928405231,4125838535473665804590155519370831227068510009851661068335768832863876268640584092482499995110075774101890291479021606845578959835726505721583442204537079201948935395635529600761439145607,23734409672953545414761006219059869309877551839341067022924790656907296111719744185526592206990541499449339876142268259715403949716756585902081474737033348544380443791746123320234304997,True,312817820229949842091918361143778616349445722369773040213343021039946708116346695191962783418622920274738461578439460768741833700915330143386236948854296556576599917771092517812882382172367864239307,4125838535473665804590155519370831227068510009851661068335768832863876268640584092482499995110075774101890291479021606845578959835726505721583442204537079201948935395635529600761439145607,True
BARRIER_COMPARISON,EXTERNAL_RECORD_EVIDENCE,,,,,,,388,615,13179928405231,12411508437961270508086600203331851673354623989089513248092070923436454633752846820982806385475201996588479791524184596601719060584789290428072535892252299196371211388240053968302348037013,3217565938314447612015728218463623631444736448963114899245522281070232672970145485966976331022275932730185454187252649181849693930723231061825866928976864584330928708308037924641714607,True,42407288706094323635241153051664391777772830170291524977555251723063669053365519954934783844461548786004586209021070219780616153439102494563134121076254070383455380921639513064421740557294947909217,12411508437961270508086600203331851673354623989089513248092070923436454633752846820982806385475201996588479791524184596601719060584789290428072535892252299196371211388240053968302348037013,True
BARRIER_COMPARISON,EXTERNAL_RECORD_EVIDENCE,,,,,,,389,617,13179928405231,37302510976964357712892067900434271004362059886337599830445741619999015556920729550019031956715555338331057208746793341935121543909587417810862026234039020770162444567387092236943105311423,145624023976035720100581765532822839490710047485009517036794266222514009343288610599126529572965524929426224711040862207474273392231262746474314715351176955850613591458784777846047544589,True,1919314210085793376186751319914336089874447164388929766257613377962743917751445691106711484356199070434435355679657834832231618358931083354880555814202033409843054887548194619941716033591502133345059,37302510976964357712892067900434271004362059886337599830445741619999015556920729550019031956715555338331057208746793341935121543909587417810862026234039020770162444567387092236943105311423,True
BARRIER_COMPARISON,EXTERNAL_RECORD_EVIDENCE,,,,,,,390,619,13179928405231,112179475583215257893205272863057676950278931335289039836015340258755653293410944998339547071306463409255642962937338234325222080349640439539163752931245555034682575312828998038973560735805,980757376572476669359883620108196392857633495007509240466613596184755273327378528362281991038491363313221347527039003662137717418450160452578292604310516315942323995711796989826632236839,True,12926312006127421749684365402780379927787856188679010064072630625062443395619733598287762984359854907608992455249352001188253934671248353549406281246499185024299919641777688182818951348452975558504809,112179475583215257893205272863057676950278931335289039836015340258755653293410944998339547071306463409255642962937338234325222080349640439539163752931245555034682575312828998038973560735805,True
BARRIER_COMPARISON,EXTERNAL_RECORD_EVIDENCE,,,,,,,391,620,13179928405231,337626197358934512697732095236192486599607800710972080886758482371301386370827860388148446018558579804816814235599847537055096035532434063043801955710250636000828692381157879429497661413559,766730911139951971847097566285677681030887074812604963974917598485412838792084798827236363837094935839893349005451342827553563288324992505113483979903607154265039101793620344325938298229,True,10105458514902098764556650436191653150705509783988147131018729910490483617397614694992774827914533937604231812906542016798525485635924646709160388523925215893816739008800647256481641054645050041635899,337626197358934512697732095236192486599607800710972080886758482371301386370827860388148446018558579804816814235599847537055096035532434063043801955710250636000828692381157879429497661413559,True
BARRIER_COMPARISON,EXTERNAL_RECORD_EVIDENCE,,,,,,,392,622,13179928405231,1015054133295381016129428839002616371296365415543126165417700370303973012093673631950704947664954118568550213400375208279324147695564327677984027260963779849796048010028815408913646942652965,6651275170574811988006399286934856038176688044857660406774599175593944478756355969000928310068043115719221434167685364800379867799025955220583239605766705049918983076064402283285731719263,True,87663330551666629262662842852873932717432646916062207515454513660865143991116016284719352734073663383258186544402654023928049093663414768005598076002920326039616256859466776353395349145362903392664753,1015054133295381016129428839002616371296365415543126165417700370303973012093673631950704947664954118568550213400375208279324147695564327677984027260963779849796048010028815408913646942652965,True
BARRIER_COMPARISON,EXTERNAL_RECORD_EVIDENCE,,,,,,,393,623,13179928405231,3053864564760452960533216730184004759879264300270218187282800803672194448205781098997153281431975872322049722975428287510607881442561084989362567358223451316562391761627813309241556661608047,2549495763104611674158771508493276134193956852893599160924412006231009586748661616925908055977096114359498753897730749130262891660873954840778568153076580801261486145459041848625527859485,True,33602171627158555912016962381425905091033470491795558056770245265020659417655360055193945200900743867992595210475850177654256733967680992504326586284182264686184611246140990724384343510377697106966035,3053864564760452960533216730184004759879264300270218187282800803672194448205781098997153281431975872322049722975428287510607881442561084989362567358223451316562391761627813309241556661608047,True
BARRIER_COMPARISON,EXTERNAL_RECORD_EVIDENCE,,,,,,,394,625,13179928405231,9178998024029978705889510616904325571618129008092333943907801796537134168466863703281536721170154650198947334474890187877094521039419458878908673225334577484035670747966174092725901652122445,42457146786553483602197167230102412363254085122039561601572007059794676459286797430931477916385354808674827358903842937932542098455029686164278005787676811100775384601845455548339918175063,True,559582154937158331487994019498669501395629351988168803149497327230211523364351457763510061605342724167541714476891774321222551295948169600537915042301704220923882152402941648844756438382555117462954553,9178998024029978705889510616904325571618129008092333943907801796537134168466863703281536721170154650198947334474890187877094521039419458878908673225334577484035670747966174092725901652122445,True
BARRIER_COMPARISON,EXTERNAL_RECORD_EVIDENCE,,,,,,,395,627,13179928405231,27606611391084415414827973556122221882775731453403719359961002931693605800798672735004917671007372083528034665619091865012367069965203192280009904278660626589500994096229458938182631625560551,266606078348619045125474912508797572932451113619553741279911105343790620174023642613409448742972330288409806465554131575964639989254720345060603222676818708090289858467409686654873092911621,True,3513849025034205649471754587913575648677003818015634925365238347431232750538595883682243088826590142756880858812532218116706778264025015293713486260701742370232959731866899653220682946553353456957089451,27606611391084415414827973556122221882775731453403719359961002931693605800798672735004917671007372083528034665619091865012367069965203192280009904278660626589500994096229458938182631625560551,True
BARRIER_COMPARISON,EXTERNAL_RECORD_EVIDENCE,,,,,,,396,628,13179928405231,83098303449231163433121687490003646320012572076718028192833398963409630583988344705655983043009748782308874645634960800561435237283388839413165251246609456318078909698012123454567601553454517,242879683090022758100891094252431375426597907844920997938952979373745497337417926557768286253651927415688121841291983679225865192205635888910732846775303025119014756754735779925205925189135,True,3201136834211694328384173646070458368070548405842390712428729579331305529833621609479877650437522547253619714910169073737963837287353019912741494246918708280853626096968400132916394314037307952598365185,83098303449231163433121687490003646320012572076718028192833398963409630583988344705655983043009748782308874645634960800561435237283388839413165251246609456318078909698012123454567601553454517,True
BARRIER_COMPARISON,EXTERNAL_RECORD_EVIDENCE,,,,,,,397,630,13179928405231,249851848899649324676640596113284900303408471663167824804400977226886518115149687118250409189004511410376165234460252812732973766625725043385766830561083522053388583912683863643742218013909279,1842516153181737028853740569305216813021304589562243445618419611436489218381559782238224978711485909146146960634616773135013705127733957959274352182836215273660753907559193899854444482658861,True,24284230984416928225214701173551912260132571313936200264620159663918702033065196911573336183397063403794904867785362382438204506871503111675022411811129162502251384488169798052240491993357428694340901891,249851848899649324676640596113284900303408471663167824804400977226886518115149687118250409189004511410376165234460252812732973766625725043385766830561083522053388583912683863643742218013909279,True
BARRIER_COMPARISON,EXTERNAL_RECORD_EVIDENCE,,,,,,,398,631,13179928405231,751783300906771311539023922912950546283708436721558435316806053027290059798187673359881067806914594484926660893602240082393593518979409230742384798968271178556773171012641564051384307455910749,1072040043898536068356952561723959692097870304576808529649016141048456749667455336454994456332337219842110501460887031015696677178733672707654441978467421027767423173497635459248026619610759,True,14129411026123403715395382579293588156714009556172488284524595288056964324938262402185195621853207163248531711136666502417361540576733127277875519151895336867992128675451003542756239775090266736839480329,751783300906771311539023922912950546283708436721558435316806053027290059798187673359881067806914594484926660893602240082393593518979409230742384798968271178556773171012641564051384307455910749,True
BARRIER_COMPARISON,EXTERNAL_RECORD_EVIDENCE,,,,,,,399,633,13179928405231,2259805411135960609635276037885043329598091353628785227757624401775131190300040244089902883900545903962376313061249683535570124995142695893397323011474854760463534351587104638394468229196098071,12127136962988958241479395977555260570225697841950269203359533809667392059956814029884344328601252674718992265268587669825778907945137420463300555075484712669731946618852798858374693515563925,True,159834796932624973066683589620605061717509437439789689872245553271569176523329443871625212722235587586017960917848840797046588581805751797328009990018670311881500435604469791856199191735234838902884891675,2259805411135960609635276037885043329598091353628785227757624401775131190300040244089902883900545903962376313061249683535570124995142695893397323011474854760463534351587104638394468229196098071,True
BARRIER_COMPARISON,EXTERNAL_RECORD_EVIDENCE,,,,,,,400,634,13179928405231,6797238267070468528978645190239896751782138234742795370501698176098437614522029628310747373620846193917514260705520903760267752738245960484872643492704729180563462408958033700144665914901757509,737343563793474578804034763132255734948745812971433152428659882914088936052650007575589147386793963386333752262056702362581218199666652028552748666124339663477131463118826652601625919765183,True,9718135380855871518061001330917996163058677234280169542049590185114395375929704954597134740002898372964419615791157231961749905115045730006496239804073730534405108500942250656875685565848361939188872273,6797238267070468528978645190239896751782138234742795370501698176098437614522029628310747373620846193917514260705520903760267752738245960484872643492704729180563462408958033700144665914901757509,True
BARRIER_COMPARISON,EXTERNAL_RECORD_EVIDENCE,,,,,,,401,636,13179928405231,20427358868536578987081569723889223781322143051941265485962744469841400930809906677014319564700955545813313425160106417587918013720373627063979279394674517340036105935267540670356520199332199119,73500165341727224027680410628463819156302932864673048372585862740918441295793534186881655118994310011700287343873582721317254665870491174808356079119032615681868811176235619802849787013148733,True,968726916976605709918162539054548366468115301873018308775522909814529454515906368184348411073416423889072185122884202014241281395949556513974556179916095601823407722127761001794070835977257395356498222323,20427358868536578987081569723889223781322143051941265485962744469841400930809906677014319564700955545813313425160106417587918013720373627063979279394674517340036105935267540670356520199332199119,True
BARRIER_COMPARISON,EXTERNAL_RECORD_EVIDENCE,,,,,,,402,638,13179928405231,61424652874910430561827245784345805447869342546675313955718833175708555141404991199371268469456534493683022847654494077992213063183663863629383233850264871213491192639376380290759650416504303725,505653034626568873248114457241659665274735580297054140778957120591460021837922939217264516064318642521266006379970398620869808042697438399315859569839736233811356100676223418788728998054858935,True,6664470794265969511210405757410822611320102986299766126924065286480333437100188117835273260633880186747932260470695527316147970910266346837743938381763784446350992752883020004675987625050621424225221088985,61424652874910430561827245784345805447869342546675313955718833175708555141404991199371268469456534493683022847654494077992213063183663863629383233850264871213491192639376380290759650416504303725,True
BARRIER_COMPARISON,EXTERNAL_RECORD_EVIDENCE,,,,,,,403,639,13179928405231,184844263701934066087811883803749952759219681203432011858478898591863074820116058271427044509784274906021398831660181534890475277641163520637931284215759890414005077252424173991039310523543736647,376348949474157815084050470299906164600899614079022439692073232299561273711599471025315345363613077619137441746512594034937247947748455698384413379588655154371069633438604018845468446102925861,True,4960252209453299007807544711243757786297280636176453578382209631294020017090688300376907672247116899920933961003914896854747405841128331329950735777229362775529899912650112016852862406676467320052757578891,184844263701934066087811883803749952759219681203432011858478898591863074820116058271427044509784274906021398831660181534890475277641163520637931284215759890414005077252424173991039310523543736647,True
BARRIER_COMPARISON,EXTERNAL_RECORD_EVIDENCE,,,,,,,404,641,13179928405231,555673401260207747068095944312674931108882350737108175558081493905064043252150344160907611732182167568008857072373943206499098009103834421413357017977210224789078230425862588210638650118692860885,3410267157233571054572737213749864156249313095861347284365815955848321404739137106328902441749524932746733480026334985760156096203933086094279570798627072557239206237495944531577842434432079471,True,44947076975049116075069979255708693454217898553975050339926601350176020639691817007388547236050398020408527523828088060751635231302726412356414366067812069453635856429948232044908788156980195865404084112801,555673401260207747068095944312674931108882350737108175558081493905064043252150344160907611732182167568008857072373943206499098009103834421413357017977210224789078230425862588210638650118692860885,True
BARRIER_COMPARISON,EXTERNAL_RECORD_EVIDENCE,,,,,,,405,642,13179928405231,1671582644398245436422929004543725084651540280718573086604823674233091404923659709869228748007863874103805213526695424026807982732032878702238323715251352888555486685951948029581998824548325186431,1105920236456322726435868429849009818961482273086921991939062831746413879800056545974881702613831998682915820931816142659090879169048382286333389756436789295213629363767303694567778918803030861,True,14575949538390472018620557279216399981349469080142392600659914225352219565396442597134344830915004778642680008218890701505333638790813563602994463258940283852722942521853112157325560723137411975229006833891,1671582644398245436422929004543725084651540280718573086604823674233091404923659709869228748007863874103805213526695424026807982732032878702238323715251352888555486685951948029581998824548325186431,True
BARRIER_COMPARISON,EXTERNAL_RECORD_EVIDENCE,,,,,,,406,644,13179928405231,5023872814429980699706069356842575836604407299170216379675629407735072765105396484380698069646226365110972925199233460895045325605541386982711476468393503094042964047204564618646162222029468766845,21567523179857749053872291712348194756457360848255005698133958566836342308234879183948296353110981595163316701089826057220027456392646898852010814548199224638648866788742970884034833525395507687,True,284258411388685168469040432813468560706656860403992694640219522326408343403547344641465628247217392901093845151187419066015145026607172037741480659665812700574538081101542504426778289665018587167653511510697,5023872814429980699706069356842575836604407299170216379675629407735072765105396484380698069646226365110972925199233460895045325605541386982711476468393503094042964047204564618646162222029468766845,True
BARRIER_COMPARISON,EXTERNAL_RECORD_EVIDENCE,,,,,,,407,646,13179928405231,15108117968230919660867337443373329840412367725568637618471521763348412496653858872234141511429218066531147914074289137943621486454395164452120450695738286995634908099008575975539149659626379130743,137701619421528370659875620828249245467663738660741975983668955986897429600043475735939494040410887181948227056446988688631101644719947704528075024760153100927978515155993151853430487652132183477,True,1814897485260110515059836342343683125170404393866240151273617685580631769040074101324647259759541692963944755959685245044042011520760441500954431058553405497789091257448560185099541298977481166470826498568187,15108117968230919660867337443373329840412367725568637618471521763348412496653858872234141511429218066531147914074289137943621486454395164452120450695738286995634908099008575975539149659626379130743,True
BARRIER_COMPARISON,EXTERNAL_RECORD_EVIDENCE,,,,,,,408,647,13179928405231,45470352004456669229598529821502398843633686488937866773193099450618014295312254293070613744249810084386360296129222434864806497914269507372305437249445971840928788126605256405020100953031028713061,121108658736764617986591879719929091609824591518318092393938546815138678098775074471440062196920891960011573356630923998009227831991815081696054749818237594735807886308922498754987514652613908767,True,1596203451404111506568648851417939603309477930981672184409016582336268351802494034372940279207067021849181385854563783748139728798525622951943336857436346909105365715769949868021798177002741879541015639560177,45470352004456669229598529821502398843633686488937866773193099450618014295312254293070613744249810084386360296129222434864806497914269507372305437249445971840928788126605256405020100953031028713061,True
BARRIER_COMPARISON,EXTERNAL_RECORD_EVIDENCE,,,,,,,409,649,13179928405231,136703052212897828182788624447272015175694226091277508155136366672999596496638118231948219652673742022744913996200377346662303570844976550148804482072800137230834492038974826171865606807396868780847,947318375265934841945845604689424564415807023482769948295952282736523255699035928887077026439386215051700935695312856129795837700311501308864504898379156200303678977244881409875570440565407009629,True,12485588362964774596927666905480038354331904294179113092050722695820058966042938642320823837764317179632849921612675254012391797923088271957669923208756779895839913260461310978619045970867628878365974630969299,136703052212897828182788624447272015175694226091277508155136366672999596496638118231948219652673742022744913996200377346662303570844976550148804482072800137230834492038974826171865606807396868780847,True
BARRIER_COMPARISON,EXTERNAL_RECORD_EVIDENCE,,,,,,,410,650,13179928405231,411277141436804766524338013272875320106255344771688155807637373303581003932719776106790172637718473146578074419851972208258447020943601762573966127516249298524695986753560706342818036215405736909197,505985529575240573893256951949724534902088074737047160431310279045140881486264964770203719923664488468437944584258231846314896283590279671488152099439694936526015658462188575184279735265959895575,True,6668853053884563481896119311535236885381830877600953120857476292215161255586989770154459512720487082557326708642090150965284947659219203465650119080479383013424475328778087437642532153165273676126213043752825,411277141436804766524338013272875320106255344771688155807637373303581003932719776106790172637718473146578074419851972208258447020943601762573966127516249298524695986753560706342818036215405736909197,True
BARRIER_COMPARISON,EXTERNAL_RECORD_EVIDENCE,,,,,,,411,652,13179928405231,1236167393906636863524958319680744509477111367310775730107368666479907440683770171142261545272549913596420888122057596961318413679648149511977003745144445669238472981533954574682896540232647471860903,6189895781170849625568330580086271921396930215633666850207023975464280415680480538092665878559981778778643558756135368625089922485459287524675181489714632138348089521931477034437702378658401953349,True,81582383231673211063462120744415467011373256642675631673161812467135515051844621624079402539306390160354426238318141675039635735197748835211669658333020062388463954891545953309356807978371046946322060829568619,1236167393906636863524958319680744509477111367310775730107368666479907440683770171142261545272549913596420888122057596961318413679648149511977003745144445669238472981533954574682896540232647471860903,True
BARRIER_COMPARISON,EXTERNAL_RECORD_EVIDENCE,,,,,,,412,654,13179928405231,3717846060104800846382652078490707725064715433915172241059932185716380037593753884714348745255227717416009323816179512230127531506213825432951432685816128102372959029694953546666459347043663460115957,37257444113293060492259230637207209030953454612591102026273444479708272331928184189406216510835898589829249576281848798219850701995131656614868445234726085730124438751974076338852559827417294926543,True,491050445975097715661481413472485426455030825967517984261842971763366670295868474126702303622498886131793063164521909913694030774473611404893886179365387840558153980295484623913787270010614044510739869281946433,3717846060104800846382652078490707725064715433915172241059932185716380037593753884714348745255227717416009323816179512230127531506213825432951432685816128102372959029694953546666459347043663460115957,True
BARRIER_COMPARISON,EXTERNAL_RECORD_EVIDENCE,,,,,,,413,655,13179928405231,11190913693853963562379064713266019961727671629676896926131101302255770974951035139293302673515995058755014609248565422075071756387718983886935983858979548685749037429457219930470456946513874558480863,37021305260757135014560736323828054025809707975012900176210843225863092656237582267705774031883882755514473128791775625281228367830379793681233732641849499930052635511203648074399868716483528513645,True,487938152804980817100064035460500177681448253744589595816098777842259510326266985362250526849177795792460051695295790186781598047899374617646149720630852908103413478403066815798494425729838518845124860672876995,11190913693853963562379064713266019961727671629676896926131101302255770974951035139293302673515995058755014609248565422075071756387718983886935983858979548685749037429457219930470456946513874558480863,True
BARRIER_COMPARISON,EXTERNAL_RECORD_EVIDENCE,,,,,,,414,657,13179928405231,33647492108641012733599411095385853458250065544893451184295913396980574649192652388180420896048608989279017103345750036994593592901311966836971323180000974814507432969116378372353528650307392031708573,260565969940515497968116120147071308211530435650559512333851510104112726647806687404143073096899274294489970586482868414600332579801169733370444404050206014310799268023048106107515227680987298072903,True,3434240828655567111068952516295412736411633209549697501387156608422459532101477830122464348584171112583218430682427249668945782694741043047009466796823179951452337360175974559281218045793522785909564076364555593,33647492108641012733599411095385853458250065544893451184295913396980574649192652388180420896048608989279017103345750036994593592901311966836971323180000974814507432969116378372353528650307392031708573,True
BARRIER_COMPARISON,EXTERNAL_RECORD_EVIDENCE,,,,,,,415,658,13179928405231,101241480434239526386647101108508734667018399258131395176498178151794770844936145045743314190148322219892944412437465194061294073656555961215567455952252239472563581630328009440829217193985249520189655,183689693188570122206612715738865340098186060049595289780678608606244385227044299808326215285707318771683706959018439088774407834163387790804360387651987984849832358111395670785283196916815044090837,True,2421017005004202694131815909230589395765745835385377648406028725684654591813725994224541973605962436926302189661122232572433393880051452364744329850747054945788624380660827230300715062964539440231934251709968347,101241480434239526386647101108508734667018399258131395176498178151794770844936145045743314190148322219892944412437465194061294073656555961215567455952252239472563581630328009440829217193985249520189655,True
BARRIER_COMPARISON,EXTERNAL_RECORD_EVIDENCE,,,,,,,416,660,13179928405231,304322449519351555531639038970228552585591603021296268776715410377090406329524810899634045574449957163790619442112825748338908810874908005056009340681255348475773310336941776970024914068081895410696837,1747085512831663110015309436621293189367368673952952363783787669230920745113884424233184653867102964538623530477915649576376403312970406191027026811953224070714627966249684307430374563002738832528255,True,23026461976937605360545531007003065814235545092683562656728968376219411784422592974959328065110989112425612773755685730586108090048497710646801130631686134654502648541716674585988023337725676155689318709897301905,304322449519351555531639038970228552585591603021296268776715410377090406329524810899634045574449957163790619442112825748338908810874908005056009340681255348475773310336941776970024914068081895410696837,True
BARRIER_COMPARISON,EXTERNAL_RECORD_EVIDENCE,,,,,,,417,661,13179928405231,915359381424586572081708059489495052094920430051497139319029734818095594167439935748518548739369833507819003145540197909636832792245684500805255913341760565659650192794656325500223792148750273632601999,457190805431178356464043152245090891810864046642191113584355634044011877610647173466729929561384860721580953030305619488916490696990247298625297839870631747483360331087063741993023799999041696561789,True,6025742083112826969036259903764006934953404931940969124143376331996443317342118955735175618160560130690013502177781060283092636512119717730130827577278524694960844026213252177620557417848797127093892310622318259,915359381424586572081708059489495052094920430051497139319029734818095594167439935748518548739369833507819003145540197909636832792245684500805255913341760565659650192794656325500223792148750273632601999,True
BARRIER_COMPARISON,EXTERNAL_RECORD_EVIDENCE,,,,,,,418,663,13179928405231,2750862210006823527218706063626103944961052532129708083934856211827935532860050813344788470250149424556351299075024035058150711095978974473690223522621270737443611101951630965680969476335259995698828973,10939703882421157016555899771972850028015076090359905296287081649429536348293953718865837852764002647953322135897799516947174910574812684444787458711589976171771128128585169586575271178015474691731319,True,144184513944738459132309445945782401820366675488042345064517186589312914023877676805491144008826494805243690144711895443799741176803105981610937611367395332621976735276513299693548697444202854061229804570006129689,2750862210006823527218706063626103944961052532129708083934856211827935532860050813344788470250149424556351299075024035058150711095978974473690223522621270737443611101951630965680969476335259995698828973,True
BARRIER_COMPARISON,EXTERNAL_RECORD_EVIDENCE,,,,,,,419,665,13179928405231,8271722892952725825550445731508786989588322564289990915715636664978401600011076464431296706878607969800631055778685870491412984164904607306168493698247768374189475400125540853764100828561816686300578823,71091637511773958838322780576868859494375164072813043710997303937478611906729909950460105814611400207014283514920929184763226485659805823530008636902682252232597572927051422202110612646119822483377765,True,936982692615815290297731002775308729523125869233004785961899790141233078359038310169615900643858742068425668986849895383201076599476305258514993348644425032014307018621034071723394193095234412903481924262575088715,8271722892952725825550445731508786989588322564289990915715636664978401600011076464431296706878607969800631055778685870491412984164904607306168493698247768374189475400125540853764100828561816686300578823,True
BARRIER_COMPARISON,EXTERNAL_RECORD_EVIDENCE,,,,,,,420,666,13179928405231,24891713730587198452228647357048261587585627564473439402791182112913584805756925490881615305148462693928201801550512672742082356002584557458896773616279129770002994577459214388177072083909596855718104085,60184809077279925360348016686805340841805749011505819844447675855675824272797534675929948418556631568425582115852665018602872441237946389807440867636397461828655964615970612836792641490065873817398063,True,793231474721046219289982348574080092321274236623503354812306448930521889927493811496277827462059195594498612749692849942395817522160966520816257987764318959449413804697125524599190176235199835831275730577498467553,24891713730587198452228647357048261587585627564473439402791182112913584805756925490881615305148462693928201801550512672742082356002584557458896773616279129770002994577459214388177072083909596855718104085,True
BARRIER_COMPARISON,EXTERNAL_RECORD_EVIDENCE,,,,,,,421,668,13179928405231,74828231295219637307840562396188586000398202436627251519662090574697514428718168667820296284470665650837222673080448140761933875023495143457472905891909038604878120486542826818300755448177084160787047487,486734634147923678390284700148018497808056733448384082110431499480547495713176994378690583306225032810511283205378240127182231355196781330987492689052490975224241402178279146049456317366784808717664653,True,6415127630415937961076368365225932469460029452021532070583705189777920360081723672513973231325211648005052626670792222241602277119018798071906218079630869151535255916423329954939555334806606313252167276152948999843,74828231295219637307840562396188586000398202436627251519662090574697514428718168667820296284470665650837222673080448140761933875023495143457472905891909038604878120486542826818300755448177084160787047487,True
BARRIER_COMPARISON,EXTERNAL_RECORD_EVIDENCE,,,,,,,422,669,13179928405231,225097054299491079728140168488740962951759886282709487804140448667919583331944074784162690329513107228722137092956984912428548853133451314695549057848013712994110908476289215069980423130324426856892083389,235483074779435425933891500093645592293612254689685756022940610787562395560393421732468797716454546010595702184853740096052237939658575346701797722584278566719630173213368207992055380514005677091112103,True,3103650066236616670403419817663028638395261387460508187163972197388342319048202065441360698219498699128930726325521977067147533146912800177888877773540958361857709739942176340250726780015791716723141490777032610793,225097054299491079728140168488740962951759886282709487804140448667919583331944074784162690329513107228722137092956984912428548853133451314695549057848013712994110908476289215069980423130324426856892083389,True
BARRIER_COMPARISON,EXTERNAL_RECORD_EVIDENCE,,,,,,,423,671,13179928405231,676515883726137574793657468066573298756410216793783929902729699891412830087411361913891673940741542238587349426302235717571141015526285712732907853888614333341285819462189114440097582962559629319738132023,3155890879666977496275599700981756579141952655379990248685529607670847369839455388004612297553804742873663401417123180859145626070839263332626753856899224418065078586283043084288793284714714529397100021,True,41594415848732244436861630009018623455155438099589700610666203336055864479538544100525200086170768587159246486350275310516761195861025588609326186251326173271069245238482156069888058788855429596236145147694726609851,676515883726137574793657468066573298756410216793783929902729699891412830087411361913891673940741542238587349426302235717571141015526285712732907853888614333341285819462189114440097582962559629319738132023,True
BARRIER_COMPARISON,EXTERNAL_RECORD_EVIDENCE,,,,,,,424,673,13179928405231,2034446534489070066817920254601121535873752882163973655669422515224854810628550635987289433631033508925445800868631831073855400871082584212783766283044135777459669834519853220240918003174024282955461923493,19265439260315617362722499905748548946470321531383702668523419924245182842151466655242660510279178647988495383701617384861392527219971939167965704327283228125819988025420883094116888426834933580686354911,True,253917110146286311013190372251174020525344930047601806028695756983730943528191383918380072224561395720567556688545663448811557973264225518130616770476791712555192199790068976406207690161798506572975318144538694939441,2034446534489070066817920254601121535873752882163973655669422515224854810628550635987289433631033508925445800868631831073855400871082584212783766283044135777459669834519853220240918003174024282955461923493,True
BARRIER_COMPARISON,EXTERNAL_RECORD_EVIDENCE,,,,,,,425,674,13179928405231,6122935136709839570201552165408971166039347573622408430853201207877029713350918108944325948128336055615072412964795988906134113911262660936691469734645578442122259008092703168405255026667454428851375880175,18605251295688112592584696506032530003233110333176180315702935367804985595921998000812687060366478266495465433303860785448354985630099220823555341955507464890960955009975633917348630989741640772078845341,True,245215880038500622229149187857049460936520327147474601299298683048939430226271145287922328809487827325343401147657640277389576377068081545181297464539122366697638743071716896432449015304466648581858423627798024378771,6122935136709839570201552165408971166039347573622408430853201207877029713350918108944325948128336055615072412964795988906134113911262660936691469734645578442122259008092703168405255026667454428851375880175,True
BARRIER_COMPARISON,EXTERNAL_RECORD_EVIDENCE,,,,,,,426,676,13179928405231,18407996476614777450100239299438126614954220575128200220249470948036019702983286728797893138855479224522687259612188958087538164329817799406754750974963077545853276033344396520580767114293126446524107859917,134197886857581816768919695940523823682055039521478396326843454913276082648830797932268650122041550154426437735513565094616710148949930855831349567919206833645880883162500932482049961550751242256196974807,True,1768718540916218488308291421364093584088589907433085437471473224951325091395419448798202762156856201648748741278931620970258924216653434653964998087399872642028791941812130754869695156275257688019710332495030194015417,18407996476614777450100239299438126614954220575128200220249470948036019702983286728797893138855479224522687259612188958087538164329817799406754750974963077545853276033344396520580767114293126446524107859917,True
BARRIER_COMPARISON,EXTERNAL_RECORD_EVIDENCE,,,,,,,427,677,13179928405231,55380753695785367308283049111159232312207373142428500371507882141727781360671989794253340594448321904277941861707770839739157783373572664606985620008994601515505824136298337623202309480042431979452244457319,89065128690675534342096662131866536356742284476635767461591769500383744502233178077483594602356189043519147464132764330763549678611259794051314535546882745045650576957206674526133610326148447008749169285,True,1173872019545788978441498832920499947149654018336609778120110971635948071319834294656865183556997726255372072492960062358415992308163543888210571487069595758342872975048472002319693027378342094962590751038546098529835,55380753695785367308283049111159232312207373142428500371507882141727781360671989794253340594448321904277941861707770839739157783373572664606985620008994601515505824136298337623202309480042431979452244457319,True
BARRIER_COMPARISON,EXTERNAL_RECORD_EVIDENCE,,,,,,,428,679,13179928405231,166455789619238171840813809759167401871311542261373300536042585020422788585460228598479344139108734174253585750865720450170559930888956526594399594195194542302409464481425308992526944714453401218116575127093,894252449836166434955614837775009478449072521605506145422652498980040240395217965671095495334605489970077773877214154898463810572310844929039411943062123746920935875932212269418433379630655900545931018127,True,11786183265043099908291247361105061451681193462935122402948950321343898619692350987446081756498134936147864520166549788179969537608084151812000560011468831610515624625921256531537863965029888223080852746008727262622337,166455789619238171840813809759167401871311542261373300536042585020422788585460228598479344139108734174253585750865720450170559930888956526594399594195194542302409464481425308992526944714453401218116575127093,True
BARRIER_COMPARISON,EXTERNAL_RECORD_EVIDENCE,,,,,,,429,680,13179928405231,500621482985242795186300078980261025352692318120471099294203509442226143770157722658315321840381276368439797915566793074324026115739823710876969719258426577930796361734397111469260899240664624773389092401823,174529094451939977149545107807388957831834892114123064116448735024564693631580171258707639893668778552151995692379017070698785571024272599576362483500469193626871047554267824895169944283125463559059013293,True,2300280969506367833006738633940937914114654757104194934492381338287478236145660548436300446185837778916600349748970960121022370089878374846526297833366317489598851074660407496298452363510216916470236266453825919735683,500621482985242795186300078980261025352692318120471099294203509442226143770157722658315321840381276368439797915566793074324026115739823710876969719258426577930796361734397111469260899240664624773389092401823,True
BARRIER_COMPARISON,EXTERNAL_RECORD_EVIDENCE,,,,,,,430,682,13179928405231,1504372677210784944886617536346300715535592337034115693254762037088593987338027241700700544367253976796677475072639642670596770993365379394818451031120965635839525021783433703391142827916602716558246011246557,5540043793468938586883234134457445828526270021747159936652363728904806136002887965285280611901301718372618638955663946461481649004889342173812834141873211675152486303147541441405770222067060866834645122055,True,73017380559764967282754222800571306624201815534714929352186083266350869954299766473112790985174647395803787470748269689200839595738383285718529657902179307152692598830187946685525636153689546254955352742506189495469705,1504372677210784944886617536346300715535592337034115693254762037088593987338027241700700544367253976796677475072639642670596770993365379394818451031120965635839525021783433703391142827916602716558246011246557,True
BARRIER_COMPARISON,EXTERNAL_RECORD_EVIDENCE,,,,,,,431,684,13179928405231,4523150944652581071970721806660972704516838541793156661252892146313444186124298020005119948486202521155464750521675981802289083564679771233205520586745640515707118811671270586106869004528243518627052969904023,36685957420859290382388097647513453305701871446860642787169161282038866628441253701892472604585086685982506524381099420381986116181934124021773489191106851402544951551381576191098352223071920505133807694869,True,483518292284278356983198695996707891400036851657754166251394006805006350846350438730553931541992478423627308098250236302953608729090142501871392031314859340193661978915390736843098024713704220787044634000097415431459739,4523150944652581071970721806660972704516838541793156661252892146313444186124298020005119948486202521155464750521675981802289083564679771233205520586745640515707118811671270586106869004528243518627052969904023,True
BARRIER_COMPARISON,EXTERNAL_RECORD_EVIDENCE,,,,,,,432,685,13179928405231,13609584486038648165155642210471200345190761748142708309713100579130981454813759239627433106996369926528123552780056160568862333032373845894617231733767895979875531420297689662054369096698472031690418654369477,29794568100767972660210711965975896636613368814105276452659203464818807003593401881530894738230533934488917143086867937155793671876737982063980520511371688699284884086388921105770890441732809896881933769791,True,392690274432901250409851977610147788090384934758824985974838992391204088605246758946799560280103290326018141550728999967456466419770456926750963863511292345638649207046864623383209609130570334272419598909976858514176721,13609584486038648165155642210471200345190761748142708309713100579130981454813759239627433106996369926528123552780056160568862333032373845894617231733767895979875531420297689662054369096698472031690418654369477,True
BARRIER_COMPARISON,EXTERNAL_RECORD_EVIDENCE,,,,,,,433,687,13179928405231,40909016762277754393953880212390165498852777489954601581048150017774242157323008078106445844064634505707829260770224912030577163773790602073853035148365636805134944231460824793630631456322899046689775452423247,249910312625923714954539297851056616470824597495269133175674171157052006774240924092885730365741054050383956289373464459447710368968342726194621455658012797114554593394678378252361003780164332927684779939005,True,3293800028138571392309044153590395136490606044705349983483203033221242193683349391330123149532058160867781990140230417785178118794311311937979316051400448386800621080539209044441797757412795658994687402910561351102935155,40909016762277754393953880212390165498852777489954601581048150017774242157323008078106445844064634505707829260770224912030577163773790602073853035148365636805134944231460824793630631456322899046689775452423247,True
BARRIER_COMPARISON,EXTERNAL_RECORD_EVIDENCE,,,,,,,434,688,13179928405231,123048103503480502775809454961076754349680301451969711350779843174847917643495945671215923624496002421617322192030900457387692150028048063781564465233344705877438232576653497610761991033878628946543404314529005,107624504583291956967989245740654143168535828273994184256236270420773677268879898485485006493025353163483049427668950786421813693552513058573144790478447467276864015641988675016889681520629385834898425298487,True,1418483265056243612609179577731378320594013172400549848214864875473206869579611716031471573829181323044435708468517581824299478242934171183032250310735059760863169404023166436156717552154048352274347784009160951067185497,123048103503480502775809454961076754349680301451969711350779843174847917643495945671215923624496002421617322192030900457387692150028048063781564465233344705877438232576653497610761991033878628946543404314529005,True
BARRIER_COMPARISON,EXTERNAL_RECORD_EVIDENCE,,,,,,,435,690,31835572457967,369786416943735987515323993531042778755284842320120947267610315767594135273541679887440943058092205073839635395533152814754997767497496706464704115276529708556381497494502539292026166431455750452578368858105543,1607086380338834246695225032846993841993483413245608983310281297363085717914325443042799388687471677465786787163909737543108075907362569415740873524426524249964191576010058944531055704201615383401007104932517,True,51162514907488870401366502045674960058179393569415956785873067842115520424313474449490819194097697724958174513379301808148971027734882607806930340048374996830523049523212627743461094757175216740671558851599720919354012939,369786416943735987515323993531042778755284842320120947267610315767594135273541679887440943058092205073839635395533152814754997767497496706464704115276529708556381497494502539292026166431455750452578368858105543,True
BARRIER_COMPARISON,EXTERNAL_RECORD_EVIDENCE,,,,,,,436,692,31835572457967,1111927676564385879297554495184378399090830278817210094663914092274983935192840411157495517912693406457469581464361264214632678572145900179874155224135571489365411691541675803715039272613646705809527730232390741,9958110607372336243250704281041107175931953953431332672097133836492315898173719319473775642895997504298710917015340753364694767028907829207308377185244300142426972844366548511514713751163755053788268630945775,True,317022151785451781806704022502587689934651117225176994529587825087595441919930544841822102172708426910073209956995648191040541309941189650020800586667397829168620552055729522145834620857422720284451709474067668216643739425,1111927676564385879297554495184378399090830278817210094663914092274983935192840411157495517912693406457469581464361264214632678572145900179874155224135571489365411691541675803715039272613646705809527730232390741,True
BARRIER_COMPARISON,EXTERNAL_RECORD_EVIDENCE,,,,,,,437,693,31835572457967,3346056732625869304898993543918135448572393843879019295436074856713757923067382719453177308691747384316211445504131015725368776795051340781542637185630643922881303870857700154500960911118057935235753685329468671,9326925956693674717091996113122818927989847005515975127626241731864712716798185997039817021353662625290730528951576097152602143859443003781582105107873990857143326067754158822857954699255629547023816628244429,True,296928027104414663009694002045511830763501605607814486900888989017790803171831148552067728156463945789424884203555973506747111022877401643662363493913102132797656042222822010775698516228679880603606996745128982815604415843,3346056732625869304898993543918135448572393843879019295436074856713757923067382719453177308691747384316211445504131015725368776795051340781542637185630643922881303870857700154500960911118057935235753685329468671,True
BARRIER_COMPARISON,EXTERNAL_RECORD_EVIDENCE,,,,,,,438,695,31835572457967,10058717603743031248709640748484406848316987546491835909196889729918886004179871130320913435982576482836239738734487493339047812542381302828468254583339790678214049205038445950214568919908409441321602045252998909,69075589600927692176596221799369461983581570726103971160209044750818608105840501913882470878729647651082996031043620617340770746032889979025432368219339791711705163133953449891946237206238159869753428413919079,True,2199060937817125353849918137061037970371408308958876454078415939543363454691414417603000341192714507249864143945529862652990358882524539543787167013917489107809379354557199143650706241373216202310317253589534992115466852393,10058717603743031248709640748484406848316987546491835909196889729918886004179871130320913435982576482836239738734487493339047812542381302828468254583339790678214049205038445950214568919908409441321602045252998909,True
BARRIER_COMPARISON,EXTERNAL_RECORD_EVIDENCE,,,,,,,439,696,31835572457967,30258342434690787082179562712373222555350186698894619819145329828867106952450505278808266347577066768059140825091840264668909366256053030420766135855810807672922697984976719797490451505942170866422170092817368311,42847521879396404428507731558104365152296593340087730371305856031557944495737730050595333377514303852405770316375292548490454980280426066353552893075148098574014749679096455982349219184829394694532371125014069,True,1364075387435850602266409887485103998790610958334897388732251928670126183370559365021812396684852842223234466497141819427974973392004280180161194913039736485762493152116664985657675953370942364932966707352012801671786137723,30258342434690787082179562712373222555350186698894619819145329828867106952450505278808266347577066768059140825091840264668909366256053030420766135855810807672922697984976719797490451505942170866422170092817368311,True
BARRIER_COMPARISON,EXTERNAL_RECORD_EVIDENCE,,,,,,,440,698,31835572457967,90939406550995747918639969070959671686849008215522083640545310764822218737173299612115851121989874943278265693052276363310259956025977335133021151779015294295329194694652923286164844010260397684181238192568848101,457301059484962557488085062354321137053786017696711557332560124536469593130780741533890158649892189758903746502637016252535079456477765940506147102391186848844245728482817155334026642422258353913052941608528543,True,14558441014338602725365918709851331821019060812088156113202747565930306911519045870639814443841139885722419330170320995345917126687151517442884196996544671132618769279459859847561913401610239578794870228889222754364587252081,90939406550995747918639969070959671686849008215522083640545310764822218737173299612115851121989874943278265693052276363310259956025977335133021151779015294295329194694652923286164844010260397684181238192568848101,True
BARRIER_COMPARISON,EXTERNAL_RECORD_EVIDENCE,,,,,,,441,699,31835572457967,273475736640680790444325030948239031143740817121919147654073217407350247730807033939111761683004323386238169950263851367144907297109204980881954432183377367992231987042849825433268490000516733392202626234173516975,56869203067794295654007716342931244773773102384341207123110147842225740818072019073253841880279456469965497293866494329350380306887346855736487614510590334043931267666340316454163987795694382421335511891640285,True,1810463634891604501830999939969916164468270687930612551584275578111207288927666509621934316377094220956394267795380837789782554016899844719050141959932166696531148545940119980330198038841068800400730259334930865696846400595,273475736640680790444325030948239031143740817121919147654073217407350247730807033939111761683004323386238169950263851367144907297109204980881954432183377367992231987042849825433268490000516733392202626234173516975,True
BARRIER_COMPARISON,EXTERNAL_RECORD_EVIDENCE,,,,,,,442,701,31835572457967,821742243897429464709785340315437125597610036316463236427094222447817926230995372022863701683082367271521255593005598655862976749390160893611645250242795074189184767046331587449353385941021280855925702015454496269,2800675559977569640582518090468858067096489208564610551118470895061043299602756468276594793779632595023387976309688591844560857045753942498773370228857711427109405638563243248458323842329244505899653161542811543,True,89161109720923220854026512199077907090582635560459549230800760973693048758041941733460820979423933535290910248817306809865285314139808949376355323939200193492243764222699279065701678448502506273169951632670267391884369913081,821742243897429464709785340315437125597610036316463236427094222447817926230995372022863701683082367271521255593005598655862976749390160893611645250242795074189184767046331587449353385941021280855925702015454496269,True
BARRIER_COMPARISON,EXTERNAL_RECORD_EVIDENCE,,,,,,,443,703,31835572457967,2470486867593836767636597010829191505458380448752212883140780948246522510847283196890704771585524690265790749747872974185301949680420666484698063565499037103417509524810123206946251821580948165285048399298099270183,18922298483029455936229534037166831532390147231340179372351974491320594207402431049057117453894074687524129866641422210959721435637629435222575740227876895981238664257946618941758299042756378952241545988099997381,True,602402204427763291956213586113906355660459200668049493996594019878516853839161594018762535059442404095559640528176577615579606550775864509005885564055215354087332567007613513695949372673424718307380898316672701354828432584427,2470486867593836767636597010829191505458380448752212883140780948246522510847283196890704771585524690265790749747872974185301949680420666484698063565499037103417509524810123206946251821580948165285048399298099270183,True
BARRIER_COMPARISON,EXTERNAL_RECORD_EVIDENCE,,,,,,,444,704,31835572457967,7432501146387703796938754992019095031037342705467931344860335968351842461159037913960568980901684424602280181119043635426757926770262734669546701955579718833652349469114883399231522119774381786724230370901240936053,14685808236701379750760683048459465272767723271435147241069676249411925387830646570262020071461516452756525849074840891175008848911417874762704702518415641144074203404812300039741587065194555118554291950413741135,True,467531112223315358292104560275028529426532426057465096773015111805799731257341706782767316693644798327931282457631104102803817218901842883510378323215186967819592603664777835092470768708605356970658521275370507347784006372545,7432501146387703796938754992019095031037342705467931344860335968351842461159037913960568980901684424602280181119043635426757926770262734669546701955579718833652349469114883399231522119774381786724230370901240936053,True
BARRIER_COMPARISON,EXTERNAL_RECORD_EVIDENCE,,,,,,,445,706,31835572457967,22339584526375498378874192895120326122436430834826379425456994152280077240711490388458616274995273981416656407107980332021977935768789674439545128384904371547756690196713677754480099669386219941910861458717609059167,128219599134878115368137887271460454467108606659476223475181523197335490632245232864604724794825964577901305048923374156933337462737194486098159143885677017031506188952492013690291381321732828832003567879013725421,True,4081944338789895110029386076958466663389287630065762060752579231076900854292311270895342527050299222901289125626690569796281456523557029937545691707546479092343588005710458917268167004749153666814943911175406715476754601879107,22339584526375498378874192895120326122436430834826379425456994152280077240711490388458616274995273981416656407107980332021977935768789674439545128384904371547756690196713677754480099669386219941910861458717609059167,True
BARRIER_COMPARISON,EXTERNAL_RECORD_EVIDENCE,,,,,,,446,707,31835572457967,67187077927976043088854290361613142484606903378169479839874927445738431151071977751683486154146704774689232676327338699032750429138374905042255475227373974830468637747617143490582432248410958152685265760208372181533,48010099705538441640990309310053128806104072597745543417654591795607614021722525978539516062712232855177005139974716537166768724199820011054297286335310676697384251905255586786607663460601832590647935525951168199,True,1528429007889889189475868646341875689729101482623819100523602110592695920795789210497865273273438357033886263864882679437364350103265084664578848171035764521491523238266875103841482219754110616832958344129039372696653474591433,67187077927976043088854290361613142484606903378169479839874927445738431151071977751683486154146704774689232676327338699032750429138374905042255475227373974830468637747617143490582432248410958152685265760208372181533,True
BARRIER_COMPARISON,EXTERNAL_RECORD_EVIDENCE,,,,,,,447,709,31835572457967,201897882481627225171026294437343755688415931881889122646632672315011692311090946427665733120761879984946224938988811503031884531079136478574006605827443644865803047557803650926031563225737471111961160048736206552663,817327694514807133849817632938815855608755712554602884268743730979620557815193923166167864831668020322584835433514961478766793500622986927643252149649372778886421385620207668928355951390998805582669342800033520725,True,26020095040629259849652185108092675670064827263018391465039077497054101046549656835869920435575233694441621017625026098215053089244607264289852998416314639075553051272529628607450484248249032617722621811181479665557181085866075,201897882481627225171026294437343755688415931881889122646632672315011692311090946427665733120761879984946224938988811503031884531079136478574006605827443644865803047557803650926031563225737471111961160048736206552663,True
BARRIER_COMPARISON,EXTERNAL_RECORD_EVIDENCE,,,,,,,448,711,31835572457967,607040242235678059130932576722048580003628682635190100447929576856220672364772891973458297995572702598352782456993616132830186567893456489510980538063617816094997679933219834595231755599230799951504931218652979690245,5145172665137188637256839718851073443588041116709273668869351015310052536445687150420700861069129347995969786354908131905366329813963068360851197611521881331836338676478386641059199698209769647990910173288820626687,True,163799517189726148673854872000546221413704573049642911048990317152266356276298127325115059769745375576684711956996590534256999423473069834054024810861773299270973080048504899006055603100693900922062852548721885186540425905965329,607040242235678059130932576722048580003628682635190100447929576856220672364772891973458297995572702598352782456993616132830186567893456489510980538063617816094997679933219834595231755599230799951504931218652979690245,True
BARRIER_COMPARISON,EXTERNAL_RECORD_EVIDENCE,,,,,,,449,712,31835572457967,1826507105870219711864212503806214991764409595863661231375914970213404398820318886682219288519866358369114777931089574893428691602304557683688784496516000974275347188838895031054243530485765946317000597945736379199759,4662759669040496968940971876414716823717027433945960942355573756445394157336639927573313516910886895875048238847271405839835192193512774770867828184270592014800717950964105386081071718482216019001121940311581622013,True,148441623297824969521971349296565886627073354106577786531478612812382856282297754705323985457157428756614740254503722644323637647462217337424211170134002369635663535221850644283350207878294490490608609185455870800145747124427571,1826507105870219711864212503806214991764409595863661231375914970213404398820318886682219288519866358369114777931089574893428691602304557683688784496516000974275347188838895031054243530485765946317000597945736379199759,True
BARRIER_COMPARISON,EXTERNAL_RECORD_EVIDENCE,,,,,,,450,714,70665924117439,5490294075937030204535467058698783478800275883507165554191997389929697959912957081570346654625895576255457194913486177670162338604162049481378039254198297974806749864595156147699827118833444931875973402416764017857325,35533795659863628792482010189521157485245274134201602955571679848305709376010762830097518683325662983850866956976720197272033171077291184935975013853401880005818750009834425232436269907740833906946582980044505382135,True,2511028507704506471112470205180222505891548877236376024183105754212085297236438192743024143868293864317501126876290143790079546640257160578701554662559414045877970731973306928463968849015983882260086098125418292544989535312552265,5490294075937030204535467058698783478800275883507165554191997389929697959912957081570346654625895576255457194913486177670162338604162049481378039254198297974806749864595156147699827118833444931875973402416764017857325,True
BARRIER_COMPARISON,EXTERNAL_RECORD_EVIDENCE,,,,,,,451,715,70665924117439,16513973261116574889377719365216904450429016034186224102833002086947032933546872930805795120142872733358823029221328344969992071001479654165380860821196074132343082786099352661247867466004923167327806641568511574604167,20419320368622334834809652327455444399359055073149928352695205229039020512028916300782243519604979766649711909190536672805989135244862112314438924357845224171789865401734839400536590714045758321066880303694474082021,True,1442950143698742462909849826503600306995372569327355346312659003691846223430590015025603062553463906910495495212328882943148331293701705473312966739408632252747650853960053632144862082977479966905699573925743980685641094122464219,16513973261116574889377719365216904450429016034186224102833002086947032933546872930805795120142872733358823029221328344969992071001479654165380860821196074132343082786099352661247867466004923167327806641568511574604167,True
BARRIER_COMPARISON,EXTERNAL_RECORD_EVIDENCE,,,,,,,452,717,70665924117439,49628101849960693219675794473891821379343424869888127189013026095156976908256622164606895672958990209261371976625724658828986323382425973938636068580790582812874914742925826420040374617023946245383192793341973765876885,233622094327804107589701713464582389310830699878359546086125284318873276768093493281367355619558957669754913651050857856438188161708609221930289007478256504206702365460741390795154210160490761762746378183961506374831,True,16509121189925781289584671057584935342344665832745611491411293528964358006849219171483747925763227092815502256470069745683625611135244668945522294714765116528015475245799895202928675177073383260466216162678253735955578305997777809,49628101849960693219675794473891821379343424869888127189013026095156976908256622164606895672958990209261371976625724658828986323382425973938636068580790582812874914742925826420040374617023946245383192793341973765876885,True
BARRIER_COMPARISON,EXTERNAL_RECORD_EVIDENCE,,,,,,,453,718,70665924117439,149229033816325953865197928934639896250255781678982201089095157622734443155233879982578728268998458664523727485724132472162999411659225967585882150211181190102007409767288553005308212727108545709748669854571677465888191,11409750095663910428014114464882943481477960999439594146217178429594969376253502328019566615700799530041629259235582217233681461229736125842978084815886185854776019360076682011284878408058338090056185460372182609421,True,806280534459128265333526860458268341599804999182652664340614515337796674317861008823488824878339790110443686077876849634154364389175796734233306158138470504956335001720748382809669818656376342402178724430674032272114823471792819,149229033816325953865197928934639896250255781678982201089095157622734443155233879982578728268998458664523727485724132472162999411659225967585882150211181190102007409767288553005308212727108545709748669854571677465888191,True
BARRIER_COMPARISON,EXTERNAL_RECORD_EVIDENCE,,,,,,,454,720,70665924117439,448376557981865610007934877829848552975218359175582242311397631542730354326629666925252267307238352067050405568866314407841079118001573994297594339571162453632787560378887806506298815933399051076444192512806544734179645,1413142316062488555966224395252377279346462160269596870662968884342834629984814462016223700333054545548571111165540729355862810431481391457424712129685425211094990212124525026782210139371002908666534454564141220858407,True,99861007674013816002841553205967880395667799995656321612808375689123944715413176037725976379457702347003457224898295323735908031200643810407367074446729169673049186476520119600381720881096675905199475700500196448005584659458459673,448376557981865610007934877829848552975218359175582242311397631542730354326629666925252267307238352067050405568866314407841079118001573994297594339571162453632787560378887806506298815933399051076444192512806544734179645,True
BARRIER_COMPARISON,EXTERNAL_RECORD_EVIDENCE,,,,,,,455,722,70665924117439,1347887500077147823673168997593261115823459134081289283110641529326299162423601108685821131922686960495068109153374611188931560886100306349052574574463962894205424005444752009480393158808490809018125309334785683548599223,9755079211289452966627401393188045633647499589893902964886176049244702777378659206177331102942972224479498227047958118884235495485612906691857247890007342247407619252550755003340052434700320303585066956424522354695797,True,689351687304587172835888550116275942670476939979402419317571255639814052916077900158199968757663838947698876341353545070541503845734397112040769847229442541651868285314991856608956008343800215227570185210333286748773714734547703883,1347887500077147823673168997593261115823459134081289283110641529326299162423601108685821131922686960495068109153374611188931560886100306349052574574463962894205424005444752009480393158808490809018125309334785683548599223,True
BARRIER_COMPARISON,EXTERNAL_RECORD_EVIDENCE,,,,,,,456,723,739448869367967,4054693804757647445616964449194645175061593628462038074037719126771329885045651757697720715771948498660871897247226505428427976786683256511796889946393790815844517313566610388287166320458647050209546855189821248030038821,7202628581460409704967291349840481718510046333341259483069450562869312782439114338017353301053682322103355106938530633386118229692163790797239297666217760285732263292943545318046469237751714600413346498345172295605087,True,5325975561038303955848929848540726833294182662841777534931813095371743247049178575224389186454793343493439957948475798014069066821342499892907640589926814995342989527837363993394264507344402610094221167076745896551893266893520048129,4054693804757647445616964449194645175061593628462038074037719126771329885045651757697720715771948498660871897247226505428427976786683256511796889946393790815844517313566610388287166320458647050209546855189821248030038821,True
BARRIER_COMPARISON,EXTERNAL_RECORD_EVIDENCE,,,,,,,457,725,739448869367967,12186144023325350286045808260413659180367213337822454671524746457898854450686652136373676787323620730333950831315884860008550518616814444464669002285185176713990042535164539884553472649442290396938982419940392138858598767,65733103849197127504731699708968755520395043872704677272386506858337529446711069575081339918711515668980344469226279346691531202605841230948382785006261813770177978808248075338086783845953636421923748236892306423779869,True,48606269321335975515500166914778184772703727687450056688783729409146675138766581864992139524229737604571814387167467981296897972009141813047613027980334024360645873186036087508309684476667666270072744171276775927350010154857168056323,12186144023325350286045808260413659180367213337822454671524746457898854450686652136373676787323620730333950831315884860008550518616814444464669002285185176713990042535164539884553472649442290396938982419940392138858598767,True
BARRIER_COMPARISON,EXTERNAL_RECORD_EVIDENCE,,,,,,,458,726,739448869367967,36646682506185682654917084432559872161831369823212725812220595684036022534258743862243088922001963128407193052244475954918717908877502033111120336639570747207796089983352454532428312700592268176058314677304889995649725517,20698439128327788954875796489117025101725512127390436524446899896094223942558302481126899693932672196259916814036088253941887553700124258618488786988351309658609180707074468478470847007066938783036409743249761123481175,True,15305437411123671954686991267710537226826464266651273730398027735314243825823561037700530713227782517349465108214241594871930829846968185667278659098787755583470001148012280412421489611465165051057909833644174831272709047865072521225,36646682506185682654917084432559872161831369823212725812220595684036022534258743862243088922001963128407193052244475954918717908877502033111120336639570747207796089983352454532428312700592268176058314677304889995649725517,True
BARRIER_COMPARISON,EXTERNAL_RECORD_EVIDENCE,,,,,,,459,728,739448869367967,110116548390976311558310572600317405726953569089128901031954499672786985967173806492973383886068091260032260273327070614542286432686623498767587669486742675755040194705775033354820727606307598498657678866882097145097034983,415097062223510553983265994742929558224095775363618500158765941046119400622824719931614939206201766210141983629393764334091074769335171644308785497025922192279677053556562920506991550082788757314578899164603599666160389,True,306943053339139525047687992756379645863048830391351613863100404190194294658423052227653367858606208144780351431219049482653318661901819063952956826980791901747345240264228805462279596471471162671494374861304830395372769977008080859163,110116548390976311558310572600317405726953569089128901031954499672786985967173806492973383886068091260032260273327070614542286432686623498767587669486742675755040194705775033354820727606307598498657678866882097145097034983,True
BARRIER_COMPARISON,EXTERNAL_RECORD_EVIDENCE,,,,,,,460,730,1008932249296231,331055648662605989049168995011503374146698545745349597477034349501076631359111719103896620138453081279339505286355782842771390122276340094039669646732349763791728283140195779094605340837045971377903975940516000067882538677,2657298166024640410424352405331102606347964282016644262817998788569705117049073409747781778116220297115874883637323291291334872740944710406739633035321239630054429206411046821807290686494718035805615377233228064181348623,True,2681033815697989931725370170099685279656051135807786958743983142049746676147922195191492057399012271661713914785750621277416523269173561742248315224260242971104989388486236306614682847992665321837238867845637437137580792736948210939913,331055648662605989049168995011503374146698545745349597477034349501076631359111719103896620138453081279339505286355782842771390122276340094039669646732349763791728283140195779094605340837045971377903975940516000067882538677,True
BARRIER_COMPARISON,EXTERNAL_RECORD_EVIDENCE,,,,,,,461,731,1008932249296231,995990959946526184644456093876714750303446991147900369955786450434092587907696355811595734336354473834989413724565632524892293663694898673066635493285536237481615645512070053404388654583630617661435685181026834734013350943,2323866580657486237374839531584052092341185022346777739087192503983727690424823229431597492358200897405828919915401880717758024491077349324965792928989826677301695436267708224276607914498747051969331412742015131812576045,True,2344623936287098809215892510198990299339622815287771302555184656567781960751496303760100459705471501772243447918913416026856752414481927840412703575797944932797782174470373565576213896252104409945415759236075597459673680077346419386395,995990959946526184644456093876714750303446991147900369955786450434092587907696355811595734336354473834989413724565632524892293663694898673066635493285536237481615645512070053404388654583630617661435685181026834734013350943,True
BARRIER_COMPARISON,EXTERNAL_RECORD_EVIDENCE,,,,,,,462,733,1008932249296231,2993620907756994988927266499314553506637043681267404264916726155164003151383811464434598950851053881498910036904693465567833127584816452801095159586033582604657708528719175592454311227895877260039754570262038173262771522653,18267655576805328699920953963570667730428970714446643315995185235401958392719263687918288161055522680101078221739341628465767260936745611765403591140917264457628270674733989155120352033467055266803023676141383516900667783,True,18430826830475038399568113530797101977275929630134493055019083508866262017639029474909052804099545131742526936633417143691355892029523298293902594921359402759427718505387791405264310984208096340968848966309900220285158436499035685025873,2993620907756994988927266499314553506637043681267404264916726155164003151383811464434598950851053881498910036904693465567833127584816452801095159586033582604657708528719175592454311227895877260039754570262038173262771522653,True
BARRIER_COMPARISON,EXTERNAL_RECORD_EVIDENCE,,,,,,,463,734,1008932249296231,9003454834940650706757392368681297542817941875097025414947645680938911004794323981303043843921123484472497293638066668676124369129376385530866491182808643382824571954889388506327514740267573408341053769661945196031240447255,9618743391084506148577120415437957377665249553714689553051124812402773892378615065260881747242888088768868817245480940147329032956182580134185924006960655669992074560478509536198942940517909356828953276762798064850244757,True,9704660404970147311022596591590781614799544153318762575643132369947121511378926170212152712366112889524394438393543848630925136944259835791049847988215936434145667588256691381650255770817156578376140144523006949230925724429121347610867,9003454834940650706757392368681297542817941875097025414947645680938911004794323981303043843921123484472497293638066668676124369129376385530866491182808643382824571954889388506327514740267573408341053769661945196031240447255,True
BARRIER_COMPARISON,EXTERNAL_RECORD_EVIDENCE,,,,,,,464,736,1008932249296231,27055548728161283600223362847519166674267447287880701485237871473710536115668751119907625514499294133369026246762172549973623080137983210847761498397841721286176608602131888976911706333962603481466741426737496940579573100357,119224676851916478348102844196861963760239073840394549449022236224814524248694197192770610713576024169375338147681530710941932598576656250726607470852464242415761698608882444466921055141320240957647095333611099166254251455,True,120289621387820377708431277776373393478455121934125720905757633423144693617213103019666469536963383679979556058194046710779060489121399625554465417516372352990711978620583439813236121676065734624189233942382408270941876343423335457766105,27055548728161283600223362847519166674267447287880701485237871473710536115668751119907625514499294133369026246762172549973623080137983210847761498397841721286176608602131888976911706333962603481466741426737496940579573100357,True
BARRIER_COMPARISON,EXTERNAL_RECORD_EVIDENCE,,,,,,,465,738,1008932249296231,81347383077841176720474831508458596206056828514000605417293352144706820752149370063716852474441577119913216203678407825701869131413365849563932594591188328409341396756250560762451767454527343470174544751219136231682126335439,719147817270401274653794464392778257789690522238185571506542155824868383032315999566263694028117512120400941226824943694825579794562402793476021207883721828870426995536434996834060070703026774421582228014124117385576823101,True,725571424855100876226747785335524374971591323699054895432585845522647397183944607095119454210350331085564159146635800791882321780518679349388659746756015233725235839285003782112849782482654263428810955862400774505822025710813892033032331,81347383077841176720474831508458596206056828514000605417293352144706820752149370063716852474441577119913216203678407825701869131413365849563932594591188328409341396756250560762451767454527343470174544751219136231682126335439,True
BARRIER_COMPARISON,EXTERNAL_RECORD_EVIDENCE,,,,,,,466,739,1008932249296231,244765096806952833840643466388980173351188432143435820098199007328421311877020577007126461147099510238964198464602784180229606958237762416774390181364217643431270474068171257614221896174140162513620916137683990334820007143789,711548304952596465523439665969565307333178363846549021881724678872905907952014366746983634534794777912103116545353424836477611388357472215243268442345849080118713387770154336768992590992816117070182915989209072609474194359,True,717904031798743656274427547980956346769870139510453755436505755555088926222612629140878180233210273074190513551692759737466404088938116157264925263440453002163307904161997495645983677630134552061459851446188124745480490410266133460160929,244765096806952833840643466388980173351188432143435820098199007328421311877020577007126461147099510238964198464602784180229606958237762416774390181364217643431270474068171257614221896174140162513620916137683990334820007143789,True
BARRIER_COMPARISON,EXTERNAL_RECORD_EVIDENCE,,,,,,,467,741,1008932249296231,735741185567717108880368342894149289519601189633175467987234923773865634872206664653331190888848088475341695100943473946936820002708616986488355339273958246700303989803352923496398876143536751747057312181105134284007277706311,5026435208575004113446206452326234854071321497275662450920977613822116206145910364144565798703499850634508763906303087005431090155731888976099395689648180053341275360988764317773353015210976763599676284073953776922935132965,True,5071332580929348913634914259994102596599418081704783128032020828690973309326280271711594905495312259587575468431507564488760334772050192253596883743976544404514722939872020188323082372526060132634325586620592771780412644675149485658354915,735741185567717108880368342894149289519601189633175467987234923773865634872206664653331190888848088475341695100943473946936820002708616986488355339273958246700303989803352923496398876143536751747057312181105134284007277706311,True
BARRIER_COMPARISON,EXTERNAL_RECORD_EVIDENCE,,,,,,,468,742,1008932249296231,2213007137290585756074856803591282946422947141710998434732256378476003701581199728487800802456742496459821484131370907465802456520107169904125805198547096005726882239805415373104129378915075312065950191615528055970210858218709,3512144450856153472835069539308548833926818868882925811659718532652754689278262036819237815714037484310728634637938011032300246504557777606819825618502008908083285292253087723454558076702816641242518707796555094390755199343,True,3543515800655574961658216315777373564639023592420661937206048237970093805345071277978943257303211017302710694188805552360836514295207201633582219417308891621444971910071949759428721759035554492103192630733664725165353240248044115863576233,2213007137290585756074856803591282946422947141710998434732256378476003701581199728487800802456742496459821484131370907465802456520107169904125805198547096005726882239805415373104129378915075312065950191615528055970210858218709,True
BARRIER_COMPARISON,EXTERNAL_RECORD_EVIDENCE,,,,,,,469,744,1008932249296231,6650588573046626127092073960591518994997128570755939365737872349736824698672758654519016866950623951447057250051193693647391362584284147601698893957091730548432587260206959324542253637714156049847407084991009474147010624855679,33670755702306178153512308253265957958354747852536900517185584215585451926153724221686632607935036588117781218075756533064886787438949111463416199756391089228130937458185673630094676167968677222840576412240277755928365997133,True,33971511286231668443467701875741989144235532082649360705398173210115933661302752908248512690275084574828163504777850939293398522927508355155163521881168158048533309549304070889367215994191915287909146150457221355847829108298941029813705723,6650588573046626127092073960591518994997128570755939365737872349736824698672758654519016866950623951447057250051193693647391362584284147601698893957091730548432587260206959324542253637714156049847407084991009474147010624855679,True
BARRIER_COMPARISON,EXTERNAL_RECORD_EVIDENCE,,,,,,,470,745,1008932249296231,19998034363839353816746236081045237607904534294759594343378029906445728471734913839779508439173457702611542940781904965942110059848702994362382595317076961770305523943783730794546222917018188604140447295550729647386544075365245,8474977707967663520508526218436628048767078574058209222731038176247604345185420220144221180633413223610962397579499599322716170615744219818421707665633017668868486048851379051360020752465122472069648081318383376760696394983,True,8550678321635231096430893913586493631432751026398582541074405645525192002838102427498806397363447632804364825487815689036639648614978064447823111126538541408806353371559326223777445114234738617329165418346755346136409774677588360549209073,19998034363839353816746236081045237607904534294759594343378029906445728471734913839779508439173457702611542940781904965942110059848702994362382595317076961770305523943783730794546222917018188604140447295550729647386544075365245,True
BARRIER_COMPARISON,EXTERNAL_RECORD_EVIDENCE,,,,,,,471,747,1008932249296231,60086640380917012321178736641677074069539900049262335522462915433807694166638017271783440994163544804375371203602362667826202123737810086201719612842834425560932096157676898025477592758806006721617793967807591392050656627692151,210499511921804732441582375738032375798895565689279612325844543469760315902107765550264016828243632752317649706034038797712036895249438888598918906203979553037654110797965420831928077760277185809113106554760049912330892377781,True,212379746039025241757237105168038428496845943522294746773463444906220793970654619876989882539013955081773345854154921324797030786180028195378804242413547489700006210667383751559980741079386230344784042321090083481223384424471234539431443411,60086640380917012321178736641677074069539900049262335522462915433807694166638017271783440994163544804375371203602362667826202123737810086201719612842834425560932096157676898025477592758806006721617793967807591392050656627692151,True
BARRIER_COMPARISON,EXTERNAL_RECORD_EVIDENCE,,,,,,,472,749,1008932249296231,180630070300346840447296323519196667191924888807721216536704049159305117505647154825129985689063321199289083135833679083478094147980234671063446146094917437682858385778333516643788474307423783801639190228044383975716067489462117,1371796850957021164844974315544987094007064016936258775608139346173350959172529316210117463630104470582891999171284276392111664219357141582371371851440260659237156942999541397207176295292358830998955968907499748865187889904671,True,1384050082413553919143489009213231075900728592339280236921351246597243253760525110008943501004736313978761043073230661005139539719880460594277752363376369930994367234212974346234535846184886749005538311227469520214926773675167581449429595001,180630070300346840447296323519196667191924888807721216536704049159305117505647154825129985689063321199289083135833679083478094147980234671063446146094917437682858385778333516643788474307423783801639190228044383975716067489462117,True
BARRIER_COMPARISON,EXTERNAL_RECORD_EVIDENCE,,,,,,,473,750,1008932249296231,543370807531423735276929424934251781508995421062900489487373358909443492539873876514508607893480710742519127507607401570432233551007921663023487668550408957048823546556211840200788207046294405952060803982619591125404592893929007,1154197292104635624454014193311401415579682771335096572301995175463772831652763870393050738308819122444919797301124189180432778523636125080815655023007493977214692386576043652775960637830967398710401309749620850082782818628701,True,1164506870054748981943356252803230066061422729928256724360210092277406273887330328514935089463431147002519107176628394892424829714279877750267898545586199945405707293795630672485233046767748015131870196625611481559753839418487233023747725931,543370807531423735276929424934251781508995421062900489487373358909443492539873876514508607893480710742519127507607401570432233551007921663023487668550408957048823546556211840200788207046294405952060803982619591125404592893929007,True
BARRIER_COMPARISON,EXTERNAL_RECORD_EVIDENCE,,,,,,,474,752,1008932249296231,1633073615855037633700869183556078904393427772468175148216642499591386757665486453621763125333023626516861138723034933351292602867158200288736761466182540159146967418111058101141210189386929326950468878544831651772726559532872333,9384978397846762613523860086581323979622066872952649225950831252503878586687939767653755520089445945942271792328829847533102763839778974575043886131649057932637634044573292036019018409585120384704137123194619343273910158056727,True,9468807364536072496804290308082616521465794283963938145888317571860865796450480988568596095491849030875085365616012360923262068033562641315934412725844419531371910699073476749892448123877068509165100063990428602849314481469492721720325295937,1633073615855037633700869183556078904393427772468175148216642499591386757665486453621763125333023626516861138723034933351292602867158200288736761466182540159146967418111058101141210189386929326950468878544831651772726559532872333,True
BARRIER_COMPARISON,EXTERNAL_RECORD_EVIDENCE,,,,,,,475,753,1008932249296231,4911065620608178612582931185681530952646049354522420163668017190226385393179918657178238582609396856707798440969955714613861417458012342064875478240672873629442889368102864625579012841152972417228552502022386468904230802002958247,4465389107408864879924310233155493007334126383068509641673110853061395393145226677062853339616383523396765775284660422632090578443854526394743974144440869793938674594339231797292509244386488399820678593800830857719483665487685,True,4505275076120915286515984725556144271271278475175142546434203535468009490197482953610624978069324733155143920503528377785835888537795891687280369821189979813496576826474091319930348437335907672417342295516909175867731591552354074564647415235,4911065620608178612582931185681530952646049354522420163668017190226385393179918657178238582609396856707798440969955714613861417458012342064875478240672873629442889368102864625579012841152972417228552502022386468904230802002958247,True
BARRIER_COMPARISON,EXTERNAL_RECORD_EVIDENCE,,,,,,,476,755,1008932249296231,14756886407910667260709440827071181336869680137803049929040230953583606419906674564160614161048842524437825372511568972961551470087112508591956822406269127192332642331847974521047803069443286124439949238842942433884794652817557237,60775259494489440561067470752643436885066527620784404997378098368084666913272865282985386460153059199050396529257639507830707161482528373845007290934335217389764478861778984013406619701897210708045501332968546917362944613828047,True,61318119263337350267341726574051843400066044178958771421764108966633204268900368885022201551020418918405656114199602543325408296739171739582886846176256497001728041020914951819285037180598318727407942679459480792963618480369310404886599190857,14756886407910667260709440827071181336869680137803049929040230953583606419906674564160614161048842524437825372511568972961551470087112508591956822406269127192332642331847974521047803069443286124439949238842942433884794652817557237,True
BARRIER_COMPARISON,EXTERNAL_RECORD_EVIDENCE,,,,,,,477,757,1008932249296231,44365417408076527473970911561319897926335168710352307539265410392368620221187698062985436136029135390571196315941514235364523281113639455365192017955809406793013823905701446140386467392267333864337014647631959410342792945687401695,371842147172519705368380572470638142107456176748668719281569358339855923675167336856143465145674812112591586401387551483229863189051444300178123346807056084201087256900382106526336226980642614158470366205169858128906808310944109,True,375163533929910468433200269311689172545206967550609689395138320340816315999932786751827911120311035630977865753354877269847827414720651476832843485379515721250137365228715566895831079016157339022847491210013455440332550263956923939430425353179,44365417408076527473970911561319897926335168710352307539265410392368620221187698062985436136029135390571196315941514235364523281113639455365192017955809406793013823905701446140386467392267333864337014647631959410342792945687401695,True
BARRIER_COMPARISON,EXTERNAL_RECORD_EVIDENCE,,,,,,,478,758,1008932249296231,133475284961607685189283091004385109441910019318829553626375101303577064509433791670970683019617837440744469741451771972013045326750126084452862256815436321243105059357734428730131634912551903557079711667308406665782014786001125021,357460966761353581364429076561083100513342154700744140686967822077160079284107046539681172376161898276013171949704122610738622748738896185961964144404966524476086489440965701634543209442123914338075649790452704879448527054992455,True,360653897230137734774900449576932948255585562596895567666030987258782135226871639868438507491933991389890007617040353250057072146149409398161798668735562242770599127022263854935589367151022485706047820943500314075230871500474800919208764937105,133475284961607685189283091004385109441910019318829553626375101303577064509433791670970683019617837440744469741451771972013045326750126084452862256815436321243105059357734428730131634912551903557079711667308406665782014786001125021,True
BARRIER_COMPARISON,EXTERNAL_RECORD_EVIDENCE,,,,,,,479,760,1008932249296231,401183920359579261102589985654006159651539084332033922896283044163673601220042769976940798281914374860295170811609774447878086947068793690073159176342325165457442353354463466808339370209155514599376470450750276866853316255881214935,2588513849796471813574712511384911953158079215192756456376383972116295621335111067676541963250210770951562690358029431510117801883047561987030704225247303029682610030843258340792560571325979599288897847021471853652889376920657109,True,2611635100809600545374102065447067983526827367900553704036860909303680031226468360379405974213800205175757202137169616869144036634473318259158859581012656570271423318394557256310575841247966519843132768203581046717226173084216344555791317056179,401183920359579261102589985654006159651539084332033922896283044163673601220042769976940798281914374860295170811609774447878086947068793690073159176342325165457442353354463466808339370209155514599376470450750276866853316255881214935,True
BARRIER_COMPARISON,EXTERNAL_RECORD_EVIDENCE,,,,,,,480,761,1008932249296231,1206584022977762605446732807525421804257853358498282816757480093502790434427093889786937391737986574733132558783847157470990064708480042817077767152611040303284835761188431122896795972513465759510678753147551058078589036359155004293,1701017751339771162798436407348085253002026641216173231867229892809625330074173490799632105263732008360595373038420039818745671101819192244512865507612295264030427842448330078821957941979507372768009950463960604900492947739252351,True,1716211665952052271924703329476127395540199383262193107955510937801705591495991318041856115689407691502922889267314622131540829119319594518782724443814090342975766205872609002916496564564303308629441083118422722185544284921481266474713862189081,1206584022977762605446732807525421804257853358498282816757480093502790434427093889786937391737986574733132558783847157470990064708480042817077767152611040303284835761188431122896795972513465759510678753147551058078589036359155004293,True
BARRIER_COMPARISON,EXTERNAL_RECORD_EVIDENCE,,,,,,,481,763,1008932249296231,3625816592731337460618124123703072063380032286499210546409702202531910564815212829073042168998446624503891769049577140667681801859987451944949880705001250523679524685815374813633943641312395709957134943033253629191825284260487731855,17232100850118602044246711475657556971950501932372711970125533725507399058084839896858883884764996634069971515186596628879452482400104564166697090859096113442126088027507880123577321369935384968501397032592791726817829209263195005,True,17386022270809655544169315722158535296701163590665515332176676393623785778854801480318291960972208922557466102090332323346405048926159504073735881929890029764604306116239952540779951612052102427688237692339909002488901323426779333809461764526155,3625816592731337460618124123703072063380032286499210546409702202531910564815212829073042168998446624503891769049577140667681801859987451944949880705001250523679524685815374813633943641312395709957134943033253629191825284260487731855,True
BARRIER_COMPARISON,EXTERNAL_RECORD_EVIDENCE,,,,,,,482,764,1008932249296231,10901707873386210958966075175616442792565985703515080023778154295689888740581363126068046482133287474729651677940874095021891836518151649809715959103676270026338643666446450220676053819025180855571799563462162707399708553513554071469,3180112165958651909334525412519466064073817762221366812281224988208104902805241992736701378399787466257172961274443848945495570821725742767457295232251429726239046081872080822286173933818703504714722372974735531988086163607833207,True,3208517720614971718927124231554993449781229008480801963289454859996681319097094336183981427300683375477608569117443142232084900505675630151656811395879054351104888354231355494218007162719537275865055305081163663737630095630995863887104581742817,10901707873386210958966075175616442792565985703515080023778154295689888740581363126068046482133287474729651677940874095021891836518151649809715959103676270026338643666446450220676053819025180855571799563462162707399708553513554071469,True
BARRIER_COMPARISON,EXTERNAL_RECORD_EVIDENCE,,,,,,,483,766,1008932249296231,32753639810543030031121631135863781582549734798580136840432558263257980314015538655901979396675757626624907775406907631103368371430833537378880511288373846989616070217340002221576607247251530018116188159111291761847591062004843966215,106572717266670264174814794266464807895776829356457638633034427341252499251314281373890004686989767270677002052394023622222210465222353127767639840386828110378995574246919361563750102153431013315723104568531485892895061419187003237,True,107524651345472904983943018564506205229988210552473893956349513221739395992225903218093733193133936910822405181659437082310515194062632654594072102975219232938730725051671070738897716835032151841994481459120617678671038036191671866743875168899747,32753639810543030031121631135863781582549734798580136840432558263257980314015538655901979396675757626624907775406907631103368371430833537378880511288373846989616070217340002221576607247251530018116188159111291761847591062004843966215,True
BARRIER_COMPARISON,EXTERNAL_RECORD_EVIDENCE,,,,,,,484,768,1008932249296231,98454984193166678710258515843649157567056315147879997597690056294527197311132413078497297991130853689618534292557864277460876561798014963935572069774501688611248767524022612902923604902458539859951722352233089844136634791871258905877,707847674875188026311689254915020062501551992348547068683866291530270235925537065704389616268130921299652938831464839168209526406695762981163991339920779615938100466745970561078816627868192651153485063504023574866408395971015024175,True,714170346770930674260475639172883515212542725765547634134973134232215596116416190492448355224329357870025533442206741869388587552370321020338622984075985978357856415110921229241667931892590615583580706552870359785845705105769752700561871201384425,98454984193166678710258515843649157567056315147879997597690056294527197311132413078497297991130853689618534292557864277460876561798014963935572069774501688611248767524022612902923604902458539859951722352233089844136634791871258905877,True
BARRIER_COMPARISON,EXTERNAL_RECORD_EVIDENCE,,,,,,,485,769,1008932249296231,296141211625650390598350037275178723978797388452198341098639694902594617409740427678657333177806884307830846743022158368985715475416102299002438352961025656403348530060078263661545947350191418802267798556296127766785350799040684746559,571024932324855143786088276282557632247769959928944594912546836564759755090234310782290439975746285948471085797263444298456999175972474552047686744721157708609846424217061777686184597972979508635192191318354255848332341059229014669,True,576125469374744185546840583601190947547315800864139093341221024428657155790294648124676443093277885059843328737706503118337594776381270834790242251626644816906912285509131619625104670127795206520353070956577052358206751328530309700364630825412539,296141211625650390598350037275178723978797388452198341098639694902594617409740427678657333177806884307830846743022158368985715475416102299002438352961025656403348530060078263661545947350191418802267798556296127766785350799040684746559,True
BARRIER_COMPARISON,EXTERNAL_RECORD_EVIDENCE,,,,,,,486,771,1008932249296231,889976152969251880730199091313998674491649051373711719907058136745809903181907659922302877942249299401443027959763606180163318006292421711398759346158118150349250045156255640890188107336205854851628658668082099769106945243975870297533,4818110981575983301656223805772678007257081914020227007015744585746381170643456705008628137584531813746388718786052479307714157616147052439031634784245835404238449224692885144159084365182135415556102572342495705046782716885319159719,True,4861147550000328231109694418638492038822572155457424898151059829821950732488791791079366574439254032279996529390946954334669120090603196956821980156082560687054050776174658995075112261483338900021837310273799211073280981963148825903735858033719089,889976152969251880730199091313998674491649051373711719907058136745809903181907659922302877942249299401443027959763606180163318006292421711398759346158118150349250045156255640890188107336205854851628658668082099769106945243975870297533,True
BARRIER_COMPARISON,EXTERNAL_RECORD_EVIDENCE,,,,,,,487,772,1008932249296231,2676138531276958477931193191895846033695974698189601946165730618389533913356468487312232147462062484116131034802079342833314640339053724391762055187574519175604567955372850322292765383151143958334187028001021165182324407119342875124023,2034188206322278423776835509618013579716157605127108131934817453030735890439355024378857142124423617635264310781108852273769832495522642185540606152408057099079707865911856188075130810493618688066203723477755365133205375825429016309,True,2052358082496601995452392584575799331745217454912244221943592463321935136994743986416750742680080588438123415461531083085382017225972053060660926863437177115828896649934920440426143780050203578222399541205125417225200033979214890500639711871231379,2676138531276958477931193191895846033695974698189601946165730618389533913356468487312232147462062484116131034802079342833314640339053724391762055187574519175604567955372850322292765383151143958334187028001021165182324407119342875124023,True
BARRIER_COMPARISON,EXTERNAL_RECORD_EVIDENCE,,,,,,,488,774,1008932249296231,8040835738569281105274771411595238121529979182705739411386304271472810147690896477027343469656816624171997006251815077085593293657514091690417719860923886975927339505926717766122698271738484662561163187996613227296980364132859153834917,30942854095778178233714178344254081623258649089248470174029284967509022914300095254430625967631614500113596623497423728120054778192404956819730414857883069524510403214069167053029637001586431181402819157532729595413901677137343974623,True,31219243382498571382110559096406751564680650387656793610849951442253639531927494732892950189315604782118102591807212809093396737769591234801592807799932541238153201306982874410876817348950236978353423402847920683664885925758107845923054860073545913,8040835738569281105274771411595238121529979182705739411386304271472810147690896477027343469656816624171997006251815077085593293657514091690417719860923886975927339505926717766122698271738484662561163187996613227296980364132859153834917,True
BARRIER_COMPARISON,EXTERNAL_RECORD_EVIDENCE,,,,,,,489,776,1008932249296231,24172187794661466001749081578416514446358157900664952525715362479635264073558653491444618518052966559810406626137753425599377371533953949131779376775572978724236561077012820495345703304355665137917897979964038608890969663497899575356143,192189720194579906550677222294362408406216652363213993634987185336194329714828406488468096067928218089172004635108659869555145457400562991511625630176284801482616328107541895114305889285181594013025289420996042786298847230056259626653,True,193906406687530775729345202659937668971821943254650624612626550535912255079555535293249642413048266413569237157112116666629192957675474006883218532238281663277125649349661075591023996082049215909805169325473939778951801072556176235453707478060044843,24172187794661466001749081578416514446358157900664952525715362479635264073558653491444618518052966559810406626137753425599377371533953949131779376775572978724236561077012820495345703304355665137917897979964038608890969663497899575356143,True
BARRIER_COMPARISON,EXTERNAL_RECORD_EVIDENCE,,,,,,,490,777,1008932249296231,72715285699798888748946314109772743666147355112185794743371886099773126742619816715784207990488966428608882307942493054168522076847508543637442999097924207358527853467969130273947543869627840014691327603788911534673023274890987181473997,179124528954758232253892917836686571072887136707767648453364234273913945256772736564699415543651155912191154846860424867885511880908296490325139348118312032811508510461288109522049754733855580163808540469396712358667972895591868068823,True,180724513902452080855981506496943349804345861397230898717572866771131419303574401501465759858738990971847993944574437042491567895559620810735895161360908831580712766334133417339497812105353627830435911508701108425026830036541117915622950842822506113,72715285699798888748946314109772743666147355112185794743371886099773126742619816715784207990488966428608882307942493054168522076847508543637442999097924207358527853467969130273947543869627840014691327603788911534673023274890987181473997,True
BARRIER_COMPARISON,EXTERNAL_RECORD_EVIDENCE,,,,,,,491,779,1008932249296231,218543301731025647734237081078364631652587828156939258562567255621054049271747162630253328844127032784181971782885944717246346155033819023396538734836183164447219900877768728397663499522005209245949250139160326020019298393467538455233127,1332262850122237671557956251602861021510187050887051610263287346291079923545743175495507991951220464447223182657512384085216384625311674439394893129176020841707206479106539480207885090444945144241960276995372969076461056275929425828741,True,1344162954027636735232052722456569363635277520925134646393332169986604949780907613260963614337028589453263416887247137042266725641612464852035206354790598811243466662432099870885641788597648923289266927461544747098737636471878175328345195711182775171,218543301731025647734237081078364631652587828156939258562567255621054049271747162630253328844127032784181971782885944717246346155033819023396538734836183164447219900877768728397663499522005209245949250139160326020019298393467538455233127,True
BARRIER_COMPARISON,EXTERNAL_RECORD_EVIDENCE,,,,,,,492,780,1008932249296231,657219683719592869152303798231279497574346535752345273017508156150100823990792337822362806023021632345967214784891696370702158163066630640126455154678191662828205064528751535496273970218502384545348819728655343724058809455580923008943925,817231497334861115488758762437377831364458589606160171177083464995887419535529663280884994572593406499070675504812714329409757945587883444506779048243723552030895646428917834056711966361321817723742208637387579227554618471172990997135,True,824531212801788235039725355506750834016872815841636138217542231266972081861985204756625503967839302208912510447646107467632089105102984876795535581540307167725086533577501137188331956666594610675964010642868554001584323966615239659130214402687298185,657219683719592869152303798231279497574346535752345273017508156150100823990792337822362806023021632345967214784891696370702158163066630640126455154678191662828205064528751535496273970218502384545348819728655343724058809455580923008943925,True
BARRIER_COMPARISON,EXTERNAL_RECORD_EVIDENCE,,,,,,,493,782,1008932249296231,1974838608211810459356096504686209697956205709820090813712137247024179824323478713330294057050345965024744243227142813550032713885130239060253043364373859327457705917377145307095388853960480667251048597808314762500178256917099384313320863,8810808598068287144836496272054543960425580894928469832756807542742366960809988716253932946279916193182409771449887018840708065697457930080876137823299848602274134521068154715304022509030992683175503870609625393686320956126749545969581,True,8889508936967608646432041690246167015828537941392444016577535251186601780547430884322407189990010838928493011771128929721232442954777773989006773710283900035185886508170100362502182688252488150411565575412137036594010142797884291629201388669783949211,1974838608211810459356096504686209697956205709820090813712137247024179824323478713330294057050345965024744243227142813550032713885130239060253043364373859327457705917377145307095388853960480667251048597808314762500178256917099384313320863,True
BARRIER_COMPARISON,EXTERNAL_RECORD_EVIDENCE,,,,,,,494,783,1008932249296231,5937234052847558785665029954028113914801281539712492419774862855368048882374842939443704727076162167021603125171299338401803099239112105740253841694478715338265480647294998723712434335101336056213154347914339212812542084952724614085918941,995969369950046241028608877193990015947922180345452221368194037208282073616367243116686988591204684806438334607865553112209029649596671253205210755624834022096613236078859293376521087304869129509402633039025557044334465527326345996039,True,1004865616653850174044662575834842992373935848707189642032971524017063201796391572757098857624060787578457113600624359890352626306458044532539653268199785977515151894759913283757800791746647177700002552302285611425001744801498584280361184162463629009,5937234052847558785665029954028113914801281539712492419774862855368048882374842939443704727076162167021603125171299338401803099239112105740253841694478715338265480647294998723712434335101336056213154347914339212812542084952724614085918941,True
BARRIER_COMPARISON,EXTERNAL_RECORD_EVIDENCE,,,,,,,495,785,1008932249296231,17837138614966931172188570742023311386269173439641917216601490794695165465933342417236759293078735044959550166493639810708819212884779094339750948286150420726581167732212121775989838551743796277559480152721807489061640883261026764549669527,53860820958359769110047586509521253778501407549916271217909039293662483838476299540640284666270701843900896963307187666156457423834344251738462037695423925635741420362487787585200656141490825228562425856696777919162260202287823621813525,True,54341919238459502052636912717311845087345163497061853741498183031136673885080976878691541997564125821149415184227397938217747284035124688466580295529903186188630470943780515458770896921261576080169396004775107830989062601588804334055569516181167324275,17837138614966931172188570742023311386269173439641917216601490794695165465933342417236759293078735044959550166493639810708819212884779094339750948286150420726581167732212121775989838551743796277559480152721807489061640883261026764549669527,True
BARRIER_COMPARISON,EXTERNAL_RECORD_EVIDENCE,,,,,,,496,787,1008932249296231,53613161670597812777339635745825812726268835600943511478912081298449571673035281647332858326637199310457613663399886614140097299324108391495210537669308361026882406357944867747379657840990541268358508894080581869680981163394491982816659397,365074114269117828877989799040320896258134786685268471868944946609138001985937689867081748800800456689629018727855927025748693611045249707130771734800469471185030583704468201575886339942777347045824149400409138749603807829686849200742207,True,368335047269370312279922438111164799702928914294946700486091622929751958774010139277755607691460151297104420926384293248839999472568376284875586229490924871590231473869344648806302668947871266428785741405798327479823417273503647327024652403318607721817,53613161670597812777339635745825812726268835600943511478912081298449571673035281647332858326637199310457613663399886614140097299324108391495210537669308361026882406357944867747379657840990541268358508894080581869680981163394491982816659397,True
BARRIER_COMPARISON,EXTERNAL_RECORD_EVIDENCE,,,,,,,497,788,1008932249296231,161246468314581515375114601316500952448651767930901573753166679552805016120046862524488896769515574633688693645875528570474850540651409608389462384251353478469202831719068612919779542266008233547795800425902383219027177544629122705120581455,281255737231199400442581239073934149083882103913726782745963524914811804075777904620601667194447965437181744831830324968128795474966881313730772717544617636443866460645385249446521533755112555696924960879952196280343314597767034261020093,True,283767983592143712351720514496577341345213047669795544411886573443888127846961583266542896279309358556688561284344482009772967935853119976723377316867913362673334177456021536698948094107267646533247010651502966492045333945562004681642181790855400169483,161246468314581515375114601316500952448651767930901573753166679552805016120046862524488896769515574633688693645875528570474850540651409608389462384251353478469202831719068612919779542266008233547795800425902383219027177544629122705120581455,True
BARRIER_COMPARISON,EXTERNAL_RECORD_EVIDENCE,,,,,,,498,790,1008932249296231,484553371549320700211535192107549885885645826048846799892360909973327650562022622738447333887754677305697786248978323167533668907312397692976048695240917226184719720447673858114619764284097920128827948765028424877050000742778661628702950893,2471700422845906373710520033315859526632690824025337613959633204569639815991404043823092159999250705574955857198965887122620957141238379556515403126347434463554049962872194458901839573411776637971869857282407028777966161575888129465473335,True,2493778267208365586031255143163566139562786533439475747328436311022399880491022418933076542428070266339315086842650241502812964771263377685976894693813462592214723020672089429536764107794495245105961459086292931370985837586583888643790096210767046500385,484553371549320700211535192107549885885645826048846799892360909973327650562022622738447333887754677305697786248978323167533668907312397692976048695240917226184719720447673858114619764284097920128827948765028424877050000742778661628702950893,True
BARRIER_COMPARISON,EXTERNAL_RECORD_EVIDENCE,,,,,,,499,791,1008932249296231,1456915981070266716979371128954837771815699567171108714208526215179633360493596008875264575980095845535620179992341919327037475863369868550158792255670178841662604062504893651764983842796586638328246036244370375511023874663901158939473678791,903368423928486431600454835571350262373894422939383778991929094408101832917930811624127846334124879671225080782998012494924588558364196208253869484187977173772347564872428534456418831649574030391229673277019326586153613597316281666767781,True,911437535897358962189391030795361956579770038598070785614202570304257653672516580265438212923642036340947648569483542614462650458974062034703633108601497759865287108800169010850613021492716513293002668731742666533558169760160167535916085279497755533411,1456915981070266716979371128954837771815699567171108714208526215179633360493596008875264575980095845535620179992341919327037475863369868550158792255670178841662604062504893651764983842796586638328246036244370375511023874663901158939473678791,True
BARRIER_COMPARISON,EXTERNAL_RECORD_EVIDENCE,,,,,,,500,793,1008932249296231,4377259676055409383627644492128889543764622879562462771688465616058200899095844307945638876573951163843914182467839657629985365872974956592937669106905390851204701989838425110137200628278345670868262488631681328292819368862833824925150688597,15733570961003924673863575035466507422170039367091409462749728321825940728866355074562680806329629113120960223976793335230650331405794473547346288242272583955096647342105595287867456272120233858222448816971461499253950583052645058459607791,True,15874107139147552478376921889776758793956489239234925269584820436438656936618651093863897467492063634376838169625384991631340439086554328150565001271482273313153625232832705588071197668259687983928771423249500254759473195279663499398656662544100034535721,4377259676055409383627644492128889543764622879562462771688465616058200899095844307945638876573951163843914182467839657629985365872974956592937669106905390851204701989838425110137200628278345670868262488631681328292819368862833824925150688597,True
BARRIER_COMPARISON,EXTERNAL_RECORD_EVIDENCE,,,,,,,501,795,1008932249296231,13157825959544665081641057897444173544563965350883934831316944730251805967747758049116297224256508000479957117366774571485447850750386273548658176680295589858481665178810251949780598284389380036138884985489324791917449086073022867202370674687,99294575639885635537839567221409348806703542494367260891344949119884363107049315782449231488297905235792020598441577196675457257140190960332377583885652361600408360616270024601595167925046748642862385639475998575743810718200720029216041165,True,100181499543264559802365760858892968078738184211467627459723312211419506712260358693862023717360741004546495404543892430045831268098191552637511411597157940073691931324226910986291027419905217727985367937965589784913614329835722485359603614454727175349115,13157825959544665081641057897444173544563965350883934831316944730251805967747758049116297224256508000479957117366774571485447850750386273548658176680295589858481665178810251949780598284389380036138884985489324791917449086073022867202370674687,True
BARRIER_COMPARISON,EXTERNAL_RECORD_EVIDENCE,,,,,,,502,796,1008932249296231,39577665604147742967955671376562540286772282901437990558957025719064230985084174648466414050908142037232729631953346108838310564777004435725355207479204438794915232373610662326817780451385512202553045034845097603908311176157154171314786459645,89508275892161460548523333204188740259336929910729652661651790742026925639346945112302938187657644121659502089279942826092346719729342722235777875021618645860751407488997118852814307340396057655807000164181539415303596278431020672299252327,True,90307786126506069938157301818428137448739686659351475775294533025844376527163454432504745892544022607975562630960727469530254000940460385169268603660629339684151571469765556070563344599211038079159889141028413272200064013520239507424276336074473239079537,39577665604147742967955671376562540286772282901437990558957025719064230985084174648466414050908142037232729631953346108838310564777004435725355207479204438794915232373610662326817780451385512202553045034845097603908311176157154171314786459645,True
BARRIER_COMPARISON,EXTERNAL_RECORD_EVIDENCE,,,,,,,503,798,1008932249296231,118941372263470724349932009498147660166477622401886343806883460213810319118934324947634286909001662183283905455566083115278865719382704537334826977314248654823686170795191799935405312550591280795931915261289539268036861364347633653359708250103,685275729731475273775560736532644833099558184876933218009721485461333104281642839806998327117445075536411625679929406006145090262570488484230043378335532815463201571186617266462385314890676549512981314001037530869766460587635340847595499317,True,691396783386093428752351866971785945921168791928157240533634406294361416800725606595676888196708468635254535058224082049805241609529609700994337073243576980126303159415127021988309509118642344447072096768821951981681749992534574419581898022802836291174227,118941372263470724349932009498147660166477622401886343806883460213810319118934324947634286909001662183283905455566083115278865719382704537334826977314248654823686170795191799935405312550591280795931915261289539268036861364347633653359708250103,True
BARRIER_COMPARISON,EXTERNAL_RECORD_EVIDENCE,,,,,,,504,799,1008932249296231,357657618594522154834056009968283137724075961995948519940699912867901462011530178851843039752113930836194582605522428500892333258354878532639526351449287318226820407083014651626023822437512819140886866410885603629358295436547585517740520234981,388823580974462252806719261917620050012484974051822613930100003442990003390520501540636931134446653923502399391429907906963070374181624182599291121923890934865815318681348159771386373194076142356702687969140942113876694753536907219995528607,True,392296650131979410505535754849351703463707447984060468769899990015771101525235846594380062513819802660452216513304647584557806401755914921036886170683975096083515698222059650858450626071890112502846572923519007284719018169708299669509418010090842577780217,357657618594522154834056009968283137724075961995948519940699912867901462011530178851843039752113930836194582605522428500892333258354878532639526351449287318226820407083014651626023822437512819140886866410885603629358295436547585517740520234981,True
BARRIER_COMPARISON,EXTERNAL_RECORD_EVIDENCE,,,,,,,505,801,1008932249296231,1074639859391786428070687992852529727621514075568424536862198803056645395344044944573409477306559681081269480294215643812788471975478165439188669893360944662191985010643922458517687236884016410928842840486690782538570308996652125668544351674287,4500477959363313895460083681113489048609834083313421921988428916210988629080377540382626893839117107141972153471006343943833611949604555087979551391937087827645024745801051758545698262538135439434590571975366127332475458279348952305568524509,True,4540677350448539983019646956680067378990720199553003911971706427781939602329589486168441391694070614471979426862649139883389256058933573127002908610145436976841334654712821782788307680783744179185279153536450719174809518124915746187000806146907860324825579,1074639859391786428070687992852529727621514075568424536862198803056645395344044944573409477306559681081269480294215643812788471975478165439188669893360944662191985010643922458517687236884016410928842840486690782538570308996652125668544351674287,True
BARRIER_COMPARISON,EXTERNAL_RECORD_EVIDENCE,,,,,,,506,802,1008932249296231,3230587592608239138486143830348310440661686985027589518746992666981700223269952465791749864120550597534551370793240364678811304728088615682646373036135164816622050189511281390111524788937961046811257486476208234217692617737993853466924218900237,165405012330233138220547461897951551539985605308449445172771125104891411605868478105016279774242739940056639226152550939723232540574935103211942071149603390744759078375126158710938215790778268845841683654325178034044878763093934334377818775,True,166882451135212943046782101512153062573769176255721713267093452407313615973240672964119358471767017453447171297006631131304420762137405925439725438062264176160853723951894027513099832078937170848879721545777368241818699911583849847112209974182250608537025,3230587592608239138486143830348310440661686985027589518746992666981700223269952465791749864120550597534551370793240364678811304728088615682646373036135164816622050189511281390111524788937961046811257486476208234217692617737993853466924218900237,True
BARRIER_COMPARISON,EXTERNAL_RECORD_EVIDENCE,,,,,,,507,804,1008932249296231,9705098806690477124006591194626373837579350471727400372561770516568628744285492661518292456763394901185139972200907960517325691787574085778099845820510156109958340883692872199451500523385706768483230389460896475857041234710056513323354984455463,27168272768510116510981049548578885843198990105188980977103344622370823186088133720400777642808945382791889560052190614602724904238202265631089250422772130356614907553181436709985127791019590905453385115506521942028897628439187648167788965829,True,27410946553826452841164663841592557336518090373573745185097332019098951229950777589974767708636190704285323732472901470431639957115738844687457177098934886037208861652228824724242945916781402245960554642764481683290675808661078326969117046855629412557490499,9705098806690477124006591194626373837579350471727400372561770516568628744285492661518292456763394901185139972200907960517325691787574085778099845820510156109958340883692872199451500523385706768483230389460896475857041234710056513323354984455463,True
BARRIER_COMPARISON,EXTERNAL_RECORD_EVIDENCE,,,,,,,508,806,1008932249296231,29168640535534470206212412398204891575115209481760728382968481612199998530759019041127048827897157137881363355887471347475544185775955212254942444309949114970243783911714728714822206196444414817647522888511776520386977230114469351660394264385397,188193049231608017918220777297276782283913103472621473497650158855337065363346514305545248142371704800262547249651503690942395539180516638179081448105609671807367243931768543065364635947647797112023595604693751457793744853917186325161988935503,True,189874036463162614571591261673002064604741402499947555736476202704804895217976555054253941658792130720555900071746230719445826650664523041706923534435797032146531786878179044739543423432522569671537325840802043364132906261688542090618472808299218880599989193,29168640535534470206212412398204891575115209481760728382968481612199998530759019041127048827897157137881363355887471347475544185775955212254942444309949114970243783911714728714822206196444414817647522888511776520386977230114469351660394264385397,True
BARRIER_COMPARISON,EXTERNAL_RECORD_EVIDENCE,,,,,,,509,807,1008932249296231,87719298068455565955407792451917754974854260711596294210038125086576444783887221349669832314119361150947863824801403906120900998980797456447398960323521931472206396777688634610337437094482422501733895546051677932424345794280607301742500037232223,137826223990513380213551817285669847834474777789646298227589976613112812869711090339264083571335639793240127470974783684290303311677910549393989556967655892472011646706408697454456897544587293753417025781384511846553026687353065452851478654445,True,139057322182754819522384704426108623433475681982937386484691781524382519541432776025443270844842157730867984717928586925733852834724343094542562590751421600299974552948566851951371927568854257279989329872371736835355203442244397833010931753968334070089896795,87719298068455565955407792451917754974854260711596294210038125086576444783887221349669832314119361150947863824801403906120900998980797456447398960323521931472206396777688634610337437094482422501733895546051677932424345794280607301742500037232223,True
BARRIER_COMPARISON,EXTERNAL_RECORD_EVIDENCE,,,,,,,510,809,1008932249296231,263584647129071008539764487870359425423580046667417100752379735759682232734881992501586868603213862927451138988682191445751239880248256008707340135757914967539569280418154800762753948293745623602784340399187730539799865590716220398750134599848733,1266984519380161487722876481069330541537953398625375139213490929745135205049790176172535572425565868594815410968883805829944676546761010378468478245601313923316215110297019955846644713230474076425558599409547020593315495810856183403823412267463,True,1278301540961730506951932274464121011061924096982622720903548997753211890849292106350966920797594942054203385148405971242408812738711481344784103797366203793179165274217641120388632468163989675309213284917183997020152641012375650376721768603763647353689831953,263584647129071008539764487870359425423580046667417100752379735759682232734881992501586868603213862927451138988682191445751239880248256008707340135757914967539569280418154800762753948293745623602784340399187730539799865590716220398750134599848733,True
BARRIER_COMPARISON,EXTERNAL_RECORD_EVIDENCE,,,,,,,511,810,1008932249296231,792460953082030268313457905669502918266809198132764174746200649278858291737527291315070092453064706680783607023158493246807867173968222583582593426423141595110508201594819990015228392922430295198683636241693978589506909603646255170340941752154455,386930168505999074839745326358707632475743934850380439517588789612218549386742907898633430430461808924066118682813598381538963193373916214259396438010556786347924650179884413606838057304573448615445709967067121565320824437380602030394331585877,True,390386325231327327316684178649182470139784086812625916912752380539378343647901205954352329340510950716212431466737071866397421277980635789726647291650855410420529361165161103027830662662261412050658673551276845004109800294557123619409412443856361487388929587,792460953082030268313457905669502918266809198132764174746200649278858291737527291315070092453064706680783607023158493246807867173968222583582593426423141595110508201594819990015228392922430295198683636241693978589506909603646255170340941752154455,True
BARRIER_COMPARISON,EXTERNAL_RECORD_EVIDENCE,,,,,,,512,812,1008932249296231,2380796882635725290328702601125358038792565710659318269216724831836198062278344501565829250646040355839211201183699317559531896588351576865668926317568218170315125325465171145499618274849677734376712138813343509708735354473933953459203901161679877,7988837284786968001177004212774690881703464326602631274798534368083029779685483964933846864983857020492958584496116433361207022473939978485070265911618440326245215311962004148686706336687417907168797306424349245125213799302517702453334805190655,True,8060195571001710369028277825433908536511328668708362242334046367058649688743653844060153854126080603041432742357172899320850297710249523858431270075848078169495521006471007825359625471646199463905938383054380827125025646368811025879740024066438245609527921305,2380796882635725290328702601125358038792565710659318269216724831836198062278344501565829250646040355839211201183699317559531896588351576865668926317568218170315125325465171145499618274849677734376712138813343509708735354473933953459203901161679877,True
BARRIER_COMPARISON,EXTERNAL_RECORD_EVIDENCE,,,,,,,513,814,1008932249296231,7156046741465713812539423339843471252346249597022057787562666031507086935098084015179963645085506010705075124007993303955028870030842367056691363105899828050879778859118358138314587208878580598252781336793076824887064566073782612170336007105905679,51278698971436787110162085573118344582215323068013853649378675101234585865157472859753326889721457436361916667279051852949981598997092854824379104125202400847541411381575416077524887669157043966796232625365639257092646701869056692808611657304061,True,51736733094236044655397734634247170113901891639207024693385296002938007697430762436968849026796432812695480018899365432849183028635979037532299123031126282261422294711315121541183410349576259302733664598765343649825861921046991697725267219138791381418028294091,7156046741465713812539423339843471252346249597022057787562666031507086935098084015179963645085506010705075124007993303955028870030842367056691363105899828050879778859118358138314587208878580598252781336793076824887064566073782612170336007105905679,True
BARRIER_COMPARISON,EXTERNAL_RECORD_EVIDENCE,,,,,,,514,815,1008932249296231,21522764598631293203831532165400002300912958651242585282337964238515231798346454087469794507846057804864991453851561316970819331155677647008812425930480178312376948108246453222206691163953931375248923691791415657704627708829270843681905235801181229,44587348446006828903961964980177945998226248851217721648203737315761771491068334719452835490084826809553586346674345347384502670690186886996464086814218883067401172361968633706715588371091970919229335051726551684409918889761155736631406004983799,True,44985613757784479772941599270959732324234052385293322214623260401765788567493083691752997222716534423801712889386709359001020543887015248768876117879050655772523957366336972363132095310178134264137595997887226275674445835378740612831613069658467565896306761569,21522764598631293203831532165400002300912958651242585282337964238515231798346454087469794507846057804864991453851561316970819331155677647008812425930480178312376948108246453222206691163953931375248923691791415657704627708829270843681905235801181229,True
BARRIER_COMPARISON,EXTERNAL_RECORD_EVIDENCE,,,,,,,515,817,1008932249296231,64677542544362183143921120787939183990487295674080579686313825003533637381143766346269190668717252960094506525209846761123923435593334032703913951017001923256606067386522117281145932566498173286727930438198617339200751147703658545387510136370472071,352259542274627551564934478418888013491518187259300843544475787923169286682013171877972796828413571427725086350348656465084392264672744015942738711565433288152649640651421130171864914386034234720006730803920387226965799100975495893483075948808165,True,355406012323200747705328007076442753007645402220535470374935036419393834752077658313566091383495131299974593002782901956096118715702889473962670856065808349341057725634227701610232557407635690080539583590479288174629617361660690799183216384491215854404476526115,64677542544362183143921120787939183990487295674080579686313825003533637381143766346269190668717252960094506525209846761123923435593334032703913951017001923256606067386522117281145932566498173286727930438198617339200751147703658545387510136370472071,True
BARRIER_COMPARISON,EXTERNAL_RECORD_EVIDENCE,,,,,,,516,818,1008932249296231,194469622626959763561469459530774260322455565903653034416141204162552680087848915374246800586868077062281648230250191524217632075285206464821648545953251323047719094406697382301541233998040036504108428765893333481949725527974359693529708124979129749,182788639077454395282609101343247338487196798955311816233969059865971971210806844755461229052604350286917949809743487703529639783609498628014830330205193308656164427692202474308722146067069416310745289816798232985953227576158372946093796110997423,True,184421352770213009569971184175074034883163226402984396200544088401795628057839345987469875289103281785645961669857610351916127810941293511263842558482799519929229762761815966747352586314501921089111568384167427133463732662884196554796140451410394936351204612713,194469622626959763561469459530774260322455565903653034416141204162552680087848915374246800586868077062281648230250191524217632075285206464821648545953251323047719094406697382301541233998040036504108428765893333481949725527974359693529708124979129749,True
BARRIER_COMPARISON,EXTERNAL_RECORD_EVIDENCE,,,,,,,517,820,1008932249296231,584282857868625718943820572926236197669354055473781693962823070791561576152381978793618858922036867550841201999991877054344619762866028127884759023664245075698959067714354207820830574591211142800174561200274963374544120753649847195323479806672816319,2296345892725219704672215971856575419436305922511116877500823787404987691302885876023298010023085778853268467911835426494035993371645962723671262599597793037572062271600729255339911632383274824630785674640320556347748022182011348306992251803846413,True,2316857426709417495801939226633730552929035639726197218450154306918158636570305295868866423590074069585493519686555022088492840105158630355039867694877649615975576116567182176408747930760316061572349069927043156181241436832848341349895438758357690062778063769403,584282857868625718943820572926236197669354055473781693962823070791561576152381978793618858922036867550841201999991877054344619762866028127884759023664245075698959067714354207820830574591211142800174561200274963374544120753649847195323479806672816319,True
BARRIER_COMPARISON,EXTERNAL_RECORD_EVIDENCE,,,,,,,518,822,1008932249296231,1756344533556862869869110496114362259816011597472635444746067045590298872012486867064370405411841148108508635236940841089800753436639719317333530614210699653320084341120110867127319214161997561551920783211204741838412138939856614044907861146960157245,13880957580147085189314202586877059874207779870114076347698137793443250184590518995097551321530348248529863877665926133015896276198207755529520874234722231559130462768898675095674715673878090776686556244680665098602797424360178962795820209294955815,True,14004945753723366355773920376335225451905290761247567774744551087605562919298064919232426461661279105670703097767593830396456347004814890350112963162349953072678275662828483633893004479548189377937104668879292967667125265875328030791714385891579091203231991033265,1756344533556862869869110496114362259816011597472635444746067045590298872012486867064370405411841148108508635236940841089800753436639719317333530614210699653320084341120110867127319214161997561551920783211204741838412138939856614044907861146960157245,True
BARRIER_COMPARISON,EXTERNAL_RECORD_EVIDENCE,,,,,,,519,823,1008932249296231,5283017440474531461757926597685701446679832516623067785668592469633353190258824323927166530818445626149466022658683362976469836902085697686717606015503956664853081575268525576041267604039449217261350748075133632374355523535198131970473270348647304887,13675193132555551266752389075401845159027891200019326182311747655416602111044111517182024798746681097709357737276098984912535644261543797154534276960451284891734284490310075968404223914721207118882871851003181577570178841823957216888086812351201141,True,13797343366789643593849350343269541183243136915466798846657300595412340719545598631193970621419609729355219138471066434665457734257088673910365449176181842319028637735977702483011970689575603360931084170245224906507771976118852065407030879208713189550104774199571,5283017440474531461757926597685701446679832516623067785668592469633353190258824323927166530818445626149466022658683362976469836902085697686717606015503956664853081575268525576041267604039449217261350748075133632374355523535198131970473270348647304887,True
BARRIER_COMPARISON,EXTERNAL_RECORD_EVIDENCE,,,,,,,520,825,1008932249296231,15877020001031480089574970011742333674503092998279526259866560074624972719219200417249610221621181242096278301871771768343544663890590172529586846392255585404344901829621962677442422735225260716995229041108439710841304784036850975582919184861475580965,96960938613438062402637604596664204404274570420703784268500574416076103218587225487767332727928770588888541003271655783007913301450790330331659522368784674246517061103702126542452517957989751779002209319087172169186963387985030993663008068120936031,True,97827017889129841728492872601280893894674881482952205495124607121045718235333988146588529391387284363379437725076629417044195816285978016011043228150281560755098291712948604286369997566864739628553712183520982712510523571370820250157317194558187736769496720399161,15877020001031480089574970011742333674503092998279526259866560074624972719219200417249610221621181242096278301871771768343544663890590172529586846392255585404344901829621962677442422735225260716995229041108439710841304784036850975582919184861475580965,True
BARRIER_COMPARISON,EXTERNAL_RECORD_EVIDENCE,,,,,,,521,826,1008932249296231,47742930721525983085929670909967918361363660788479870391042810886774570751428511033621273181526921180880355841198202022687174604409102835466496652559741617852177333904131431829601747898103434411830394310857474387396867205835579245434755049846561408111,67141378977228552798391064308157937504060123979528129919240397448923122113942112718416964857031402583623751844041532035942514429687735235522751801156630744454294352780018785078398169018664733647592252892951006761655182713902455608994033680093477661,True,67741102512345881397699331517953600304242761502649380664763000023902370399213195427739118065648032388883191936576167798941296994799086070913342161963900547073245361118783825509773650708042500702619297859421716165582740142055404534727053355946370537831760569995691,47742930721525983085929670909967918361363660788479870391042810886774570751428511033621273181526921180880355841198202022687174604409102835466496652559741617852177333904131431829601747898103434411830394310857474387396867205835579245434755049846561408111,True
BARRIER_COMPARISON,EXTERNAL_RECORD_EVIDENCE,,,,,,,522,828,1008932249296231,143452533601441034892198534479385589759799745952722194396014693986123017441827352664608704577907518451824109394760379503374605038701973142154962184445174576834817258542925383083354203079165607757180597307636733671936507324956790373676260140063953554765,648907010657856927214216691888143163929707546503750835530243843945379741425465465645020961224604026116954997863671466733989994238392477217512708935369338789933396719402231544333113276766603244321605508807474039776776963041812641570972082088819093847,True,654703209847124931768656567125638963672292050400362613635510642750176679811217124307270294413971738569159818287035944301206471892514954166979601530865589911603835111396475451227993636109230938473941570960547612440645881570280326035670956523295496958448740892390657,143452533601441034892198534479385589759799745952722194396014693986123017441827352664608704577907518451824109394760379503374605038701973142154962184445174576834817258542925383083354203079165607757180597307636733671936507324956790373676260140063953554765,True
BARRIER_COMPARISON,EXTERNAL_RECORD_EVIDENCE,,,,,,,523,829,1008932249296231,431252566551775447214233690436084107982234292207296916079589127261566273075649336248805653867029574992204495668944232251376140018004577969486775460399322623617592802950900499628258446776918041358299449423167443054793144804670581670516760382288937986023,156789537068885706366476079809752086119013941250586723500640925441697723941839886975982617059772804886530024264826917697320178917860345608760312678510230143518135513957993876607664751457373559449501525907938041363085229525016825736956322072302638085,True,158190020301025645003735411089804239978621087631429954341645357536651764979341220825599122373804650097438484951878069286089092045074078683980504412701216653275109222028930454889290172387279069957490003352512981546347000134384528381053683748060949495532385947557635,431252566551775447214233690436084107982234292207296916079589127261566273075649336248805653867029574992204495668944232251376140018004577969486775460399322623617592802950900499628258446776918041358299449423167443054793144804670581670516760382288937986023,True
BARRIER_COMPARISON,EXTERNAL_RECORD_EVIDENCE,,,,,,,524,831,1008932249296231,1295547631150231026717977245304107001352372985320151414021857472391093260727282565256376041867702764250077821976158884236633069857811050994504104195325565657079060463496950199641167015409596560248413663270016813242346680073612166110526241071060968601525,4050231601016027269651776231138611069697259220273091736682103989113976172494632680846108384407396961588260011446855718101260144348215208913836566290726262883118515830371383142606344412056993025379134578752782280023747007775892675162788814605217201167,True,4086409279383775235615674813843638022012373390033605636154709214037711843846643966669220888857635081512397394674093735093327923400163803685858113597894756122898119890407783162257251989042664700801139429115798656190222289556066484595079422887833931246224831301901577,1295547631150231026717977245304107001352372985320151414021857472391093260727282565256376041867702764250077821976158884236633069857811050994504104195325565657079060463496950199641167015409596560248413663270016813242346680073612166110526241071060968601525,True
BARRIER_COMPARISON,EXTERNAL_RECORD_EVIDENCE,,,,,,,525,833,1008932249296231,3893802619430311820455036431895739713679799390753496905197932779598857548183185921808964446669564449844090805805781402639917808788622421327687423842487088116142309609067845401949067746544159425439302249812108376038909022859238182727482562909959524378399,26470146762285562411164720660253252454452647246904601474767036818497460520160350122210967286134505072479459788950067014340978863423182315091732211892961078459611984645103755478952433866910468464259923740374219463809206300131046817296045837368888751149,True,26706584712074118909264898763827815274343160678658080000983220207824161727174413116777356753517789769417519943296119314220226359260257681593240742232848693020985528568507316677129281854651304066118095963580434814775392025279851051592911755238106124777185187742619419,3893802619430311820455036431895739713679799390753496905197932779598857548183185921808964446669564449844090805805781402639917808788622421327687423842487088116142309609067845401949067746544159425439302249812108376038909022859238182727482562909959524378399,True
BARRIER_COMPARISON,EXTERNAL_RECORD_EVIDENCE,,,,,,,526,834,1008932249296231,11710046762209410422569528079620893979530119911432661368123239788498883708554910669586238624274517977907701776926563207639827823226624337359762716553502828928047441701511515417949470040893957255094151789444556873364202999131321285766063047516985047430493,22132632449906764824656594113410080381914463396372499365418211050870253549775242047942333326754258466579660348412201602874142868755400191874306583595754076137810205319352842232323699077773447840289691204659167896475757793179665284657419937893717662855,True,22330326640531183918123199002295840989805320001745187632873290360628380398985314483253293912773831208731248792793005506899708721541707962637056620941888380453791910116386081269957742013860672343495577185809149059507275449392946763548041319415901050177512787880199505,11710046762209410422569528079620893979530119911432661368123239788498883708554910669586238624274517977907701776926563207639827823226624337359762716553502828928047441701511515417949470040893957255094151789444556873364202999131321285766063047516985047430493,True
BARRIER_COMPARISON,EXTERNAL_RECORD_EVIDENCE,,,,,,,527,836,1008932249296231,35187418094465181190117421806730031615571803212642325409428602264901273253675437817077406441355203190473964049798127622359632263401387158832689039712591615943383350853150504678052943725204829722834945448350134110587560858501177332465419860125168090882071,180953513023620139291644918074929595108630346877800108214020431961855016670737342781208137043561288901456419082112603688920016049294494082424699854953520546895482113189975375106038302279236258625849233646904484679330995593965946188433694962107050169749,True,182569834912975897373712591585262732635864284073693667638772611607573350762031793183917434433880569825236368452569721392221066877103254052196501074338980538579705081527429981332733433141768496740204152967291757948159627601072053073105511850844537798840623914335916019,35187418094465181190117421806730031615571803212642325409428602264901273253675437817077406441355203190473964049798127622359632263401387158832689039712591615943383350853150504678052943725204829722834945448350134110587560858501177332465419860125168090882071,True
BARRIER_COMPARISON,EXTERNAL_RECORD_EVIDENCE,,,,,,,528,837,1008932249296231,105791365514743343259987615691659493554641183551304341448521338392322308273069136684506981598192206598425327025468134864839491965090218063511670679346107364467114155553915347730976965585706320998714796665116256293742490019932385898065182450672356067008581,84638076375261038604234211285991369474343213878669884170998100648588025926565561794099862877489812697499505098833815545569698375770308220066979148195528366758240350642258731681846086654045115457627060809005530078378097924190037227455344292617561784511,True,85394084773398309643765796442287359241799555947248583955706872719967214025791980615122092519405404679538617060946344690575437781397241499448178376963680026865797839869202993906759471024559571381742773262418030765927677791643308089470983982146274803289529540226478041,105791365514743343259987615691659493554641183551304341448521338392322308273069136684506981598192206598425327025468134864839491965090218063511670679346107364467114155553915347730976965585706320998714796665116256293742490019932385898065182450672356067008581,True
BARRIER_COMPARISON,EXTERNAL_RECORD_EVIDENCE,,,,,,,529,839,1008932249296231,317832319006925629159233547617917278079775098480667754786035078372203901843293056520070469342829813849282850828551908590039666245042767364562219158454987126675270672650673710586567165577302626656564310635480476805187084948654865495533393092610771789750479,1170359154516981874354103719735568940126125295145470533455120692419718125950989618481348685138857546106238019591509437679089794671537272714615178277916651648131133029782110982318075900329462667212722462690432438154364071487985714358057514065259862803005,True,1180813094251253693886041345953863755056985260389410589788342542365407318597982739718626699122688823630956827776364673043901839044016765812627184822997563258344028329033782881903160069875170551822967691066168578454885443398075626528104055087213501596333273026241974155,317832319006925629159233547617917278079775098480667754786035078372203901843293056520070469342829813849282850828551908590039666245042767364562219158454987126675270672650673710586567165577302626656564310635480476805187084948654865495533393092610771789750479,True
BARRIER_COMPARISON,EXTERNAL_RECORD_EVIDENCE,,,,,,,530,841,1008932249296231,955329846871559284994783445025507023902731486749022186119989487897559613626221755426409506221502217763876031494245741752203760134216754789795485957031621513121524841907731801334246572012642534611372614466968262111399714401395427691951562240207129724150381,7176857165115740657227915502717086147190758499474255124133867639154970570538140587840242441442125070373672075954560277206792182191517210361502498167070221135819047000767672096044378262457697284997532509124960706140011325325619553776938466945408298206903,True,7240962642477996141477099864369597974497302151358891121049915323918244661876375410648921783625956909262234389703196575020407619931350462695012153237418782486018624224806044246441006836831479006179860558314163679993065970286809688623076577824739213534858556700976082593,955329846871559284994783445025507023902731486749022186119989487897559613626221755426409506221502217763876031494245741752203760134216754789795485957031621513121524841907731801334246572012642534611372614466968262111399714401395427691951562240207129724150381,True
BARRIER_COMPARISON,EXTERNAL_RECORD_EVIDENCE,,,,,,,531,842,1008932249296231,2873321100017807445052681543763541830361819225475142245407505474816470473264035609744020911436557758155738010517097289184950325999004075153821771797761505071747425821546038082300920017160866222400836573643012113117552981425909607897260218570120646592046919,6867452689088041835021329134109741134322745042271391277327580669881646940873734833935941780224165482901184159143552974942285353866930062213879641167929598641754549356617659691772532541495854721555137043160228551712357532530209018519751701837710055429157,True,6928794488537048185155396287076767086186520973314035956410195184466643161299417465974598605846308974309247543613179501506414448596850727056514064638551976614109715723599350336396914001670567615695751734479859261465559350490097829714172083221822805621140719613927607267,2873321100017807445052681543763541830361819225475142245407505474816470473264035609744020911436557758155738010517097289184950325999004075153821771797761505071747425821546038082300920017160866222400836573643012113117552981425909607897260218570120646592046919,True
BARRIER_COMPARISON,EXTERNAL_RECORD_EVIDENCE,,,,,,,532,844,1008932249296231,8634626418859681515294707048664667008392707206881578110317590446696994684562847516161647519853775484195433863620011995411529069189719847030335943246617796280007980056283799603499120653728475904335947181413250992919366620721175473334591719409360454615332309,49928595679782485778388822150412258017467296039116922022130786504811470364102578360977396428876915905143216614870914638183038447016033324382894630170350925456668831361223692268038802116242038431540332097909992788552425484483926341181382503510159844670575,True,50374570343405025034017995473294354933170333881467382682709687127976111132557669929868129307602050429882653881832358951628860168184953503226586984063064671530221461072435615815042955022659441652774915084364841341423955172210955961452631550170258086830292059819784102825,8634626418859681515294707048664667008392707206881578110317590446696994684562847516161647519853775484195433863620011995411529069189719847030335943246617796280007980056283799603499120653728475904335947181413250992919366620721175473334591719409360454615332309,True
BARRIER_COMPARISON,EXTERNAL_RECORD_EVIDENCE,,,,,,,533,845,1008932249296231,25962531731804081266430770815490167094407119742469339827333067429081317112771505296203281701737735291499180919134916497661299572339990027366490341153186513099086750535434140236882804370168936661541591386176611593024930567937313018575019413024075423202763135,32480836589274016241867127458904635594405644468139773305800181533768292926382239646253904933813069889670993294851721061124385799387127422183661063844804258244385760918188224033231588381708218227121312420012749831995864905878581881055637918542360820479309,True,32770963519039553187846759971626850101067917798301048794212655085623606803035339661827053962553657261828316641525795066448113214977255221451581791599559047839095127610756588221720012997387369735574105729393469796162757033670217995117433448491615580623396575547347184379,25962531731804081266430770815490167094407119742469339827333067429081317112771505296203281701737735291499180919134916497661299572339990027366490341153186513099086750535434140236882804370168936661541591386176611593024930567937313018575019413024075423202763135,True
BARRIER_COMPARISON,EXTERNAL_RECORD_EVIDENCE,,,,,,,534,847,1008932249296231,78004900145862317240385611785462833421679355471057230474759794465224617456480441384046523389566023552323301413954510515837323446561631054650436046286225787815385872339467903563419297928473827881692273842403552007608453115359512252867546748664214388321821821,332052410667968930912200060361378183699209420702841305438584900562637115110997709812118283507074565320530292984077208890222616481483327368481028844866909810984398749085530377641464401079160448816363305007472706563310417812782139928143932939603319888502759,True,335018385579469703391954732811392979700089921087105344890470777853480273598381359241035829808165959841124239932519948776221274224086976240811103695977947077020423894045370283111977743133344019652223596235582517844706488066935953763833222749513164101605148934466051801329,78004900145862317240385611785462833421679355471057230474759794465224617456480441384046523389566023552323301413954510515837323446561631054650436046286225787815385872339467903563419297928473827881692273842403552007608453115359512252867546748664214388321821821,True
BARRIER_COMPARISON,EXTERNAL_RECORD_EVIDENCE,,,,,,,535,848,1008932249296231,234483920239387245485530032712357828818870051387768535395321752107596516842105026133886283306109341368272938868062575638925669257851537054155168230165342357518660099951065642101341433057289555233346820262705524936960004992268829547172594284360595639819595127,57717628403319263990205469145477443433658312914835974231017277842582400005589165942928575698682273355521626554143443843270013111162201697722903921270741287948230381932728310757314659501338169909092444032680291420639961057760842644523722082905009957248949,True,58233176649004934862206386848129221512725092492507240640081083174003008038042716700888817742477927300815559765789592021156084355640086416607877803216761497048717637283708775548662412835304417174665672517139119709246596337106662177575978632386222865875609972102114411219,234483920239387245485530032712357828818870051387768535395321752107596516842105026133886283306109341368272938868062575638925669257851537054155168230165342357518660099951065642101341433057289555233346820262705524936960004992268829547172594284360595639819595127,True
BARRIER_COMPARISON,EXTERNAL_RECORD_EVIDENCE,,,,,,,536,850,1008932249296231,704390200321762323985336492849012143564274124112499294128049993746634879471642482365152276193150565527424885856585815099604405609887898942873224873109357060700985265718520789126191377715604808876580458259106312639149306269187074218657690929817691869167044709,2050032092411132849463405831313746545628914837131883806862526681218405090671575424815638276741129665278703384458606697184605712000062165908609076990472200153854622876445910576606101065976300862807272274077516530800502467934453682213387319720524929288265503,True,2068343490125823155213934783716487099713264619015139309982905750294884649628330872147103796591473686347560999360909284678483729700161943861474499979084443959171261001555930474220528871635368535088007249930634226777485524738722384760575315129465207475506503578898425219193,704390200321762323985336492849012143564274124112499294128049993746634879471642482365152276193150565527424885856585815099604405609887898942873224873109357060700985265718520789126191377715604808876580458259106312639149306269187074218657690929817691869167044709,True
BARRIER_COMPARISON,EXTERNAL_RECORD_EVIDENCE,,,,,,,537,852,1008932249296231,2116924359379689322070995057394791059123478252134272634152488930935285954196237062949430533678741862272698934579349798030122808174996847950250555349781391134682975660616857818667242447321758999335901364661277889230525083977083564964532705096396695406334171439,13657613106038098778361375189450496498198504104945154957265479434417846834633957982394325028803720376684664172560525554172999826666488740987588691878056505621603595551928634307154931547818048000741796590150452218555837742848045663759426573048814385530871133,True,13779606311092702868151066843837859039840151223195888282199367253976156450941803504619060763230580676823140278336889888495513095633452570031026966214989969749614215363487008012959753147423926739520062679308770150931439517125776747193115462317621777938038205387063603599723,2116924359379689322070995057394791059123478252134272634152488930935285954196237062949430533678741862272698934579349798030122808174996847950250555349781391134682975660616857818667242447321758999335901364661277889230525083977083564964532705096396695406334171439,True
BARRIER_COMPARISON,EXTERNAL_RECORD_EVIDENCE,,,,,,,538,853,1008932249296231,6365788111796677366672927487575391691093058275589916909530822591587383125713949652264186421433386249579793911776418805015606789906323148337275188971157453214369006435695755261156400598665055288832344053519669472943883912609340064127836644516964565414334663565,10942772002895495415199494786314462049348473940637450725084840740203014253424947115393334292089835606659776440942754812042268717334257249915720232007609896224651878965422292612118281243897562352945470698779746151050191872365398522801221263597484765928314903,True,11040515570417174994416150560759986156719024204985783437595501749562459344598166961146184795867103559347591713994021527646291660768490756306667033534023357760440916655184157677686593312200495681536024319858840570398386779738891869933788319235960711768039837559717499030593,6365788111796677366672927487575391691093058275589916909530822591587383125713949652264186421433386249579793911776418805015606789906323148337275188971157453214369006435695755261156400598665055288832344053519669472943883912609340064127836644516964565414334663565,True
BARRIER_COMPARISON,EXTERNAL_RECORD_EVIDENCE,,,,,,,539,855,1008932249296231,19127394402705250900938667093508212100724421865143948742739179372325199903392325883624348905094480074262775951405995236897297100481634653984872612757098919263747178214777629393778548309394722448146312079630680029336269059184198930851986992006442654633668289191,92888450639124088085367745923017441038539498570308380468677717346710095261228695009759284464912157866767761476305908137080267677333189695841252383275948929954273452276994098455047870530805850357396250239682459462385218329453672505357780701890371079113541701,True,93718153436973392203322551623787140395759931544161113130791705273419398050248987988860549375250587620286433384015360858619370234569206176492828830823963176258126208836106205755445112196744056118656400395711461475987023882493552353092481093141691379396269069882099120628931,19127394402705250900938667093508212100724421865143948742739179372325199903392325883624348905094480074262775951405995236897297100481634653984872612757098919263747178214777629393778548309394722448146312079630680029336269059184198930851986992006442654633668289191,True
BARRIER_COMPARISON,EXTERNAL_RECORD_EVIDENCE,,,,,,,540,856,1008932249296231,57502303477376627906495539803652784411954253748928638284804384507227801815178885358200205278460725524881904718524940998093798224495564797846806021645802996273802170275094342622573030981782393671036055915178726530027276462977311746429869209841523797463662061557,38424813395621856897026191512756103553642188717341028232340371535726075779870670374960727040165869413149555815007149607426956930677897303147390400815369824741549095308073412890371504395964897877949398145674494350217084138931109768256874461279446112026237135,True,38768033408032707729671255105332693484868358915668288120354315721330114084929015544893668175154655091884667183912897473136129694652682899187175571584317116867164791026103686376794007549661892059775891442594625368793617474373150086112978737689837161820208980834510867738185,57502303477376627906495539803652784411954253748928638284804384507227801815178885358200205278460725524881904718524940998093798224495564797846806021645802996273802170275094342622573030981782393671036055915178726530027276462977311746429869209841523797463662061557,True
BARRIER_COMPARISON,EXTERNAL_RECORD_EVIDENCE,,,,,,,541,858,1008932249296231,172747150970651634126845696457214649455424737553779498967586846302187809655540471489254932961736747178832867884188733569085208519588016065324794431686421465786527782086805936750193865052543633666302407098109552474118767959781365147037424097168963059516300572639,595755517230366385409232667050860749784879180139191311044406675615986647347242840433516433829638816613756124672842598429908562994677035478194904700471063404467189808970038003620658727580800000022326899583769251124528394115653144800403558672621672586707487341,True,601076954029873060949606564848055535859427948180634966905104547361846502386422943478056964426658180813603267488005062624852351102067919958144148556528096174415922044042740920909464680730126228771714293816863394224715760769334464204667865296539985438197823400127105591511771,172747150970651634126845696457214649455424737553779498967586846302187809655540471489254932961736747178832867884188733569085208519588016065324794431686421465786527782086805936750193865052543633666302407098109552474118767959781365147037424097168963059516300572639,True
BARRIER_COMPARISON,EXTERNAL_RECORD_EVIDENCE,,,,,,,542,860,1008932249296231,519202415066041904009973397556669133244522117889312833355455310028581045806636676126382067390628523953247218567021843006470880943169334883111888762055314305220068431306509445780480683586416711611684178704622148958504058162741815072103538162084455847050159269789,3709190859865102415100314371202952005850447996366246838522762270883193622072251838535086312325481283338498202929812393720236457794604480709595648093513005934371739519093385070660153040314021225620895519338290825669093749142398696383742417172998354762637565767,True,3742322277312718933891190892672396429197575330276425310891480042876964147685812417807674732884751404592606866209080668696332901378643244916762933036684867818505476815985942209844724674514940896684689359406908255147486915692863448399319312223501852125542256030875608727724177,519202415066041904009973397556669133244522117889312833355455310028581045806636676126382067390628523953247218567021843006470880943169334883111888762055314305220068431306509445780480683586416711611684178704622148958504058162741815072103538162084455847050159269789,True
BARRIER_COMPARISON,EXTERNAL_RECORD_EVIDENCE,,,,,,,543,861,1008932249296231,1561451093814473718547665425410108139246557974579835845877145014573813604779971075013615276193558701526736115358888098216273664367129151397885688154150142547102145634103894879461038404474393377286160365755040413020103191621816323740275677968563634215155508016855,3439875346899294209810477633407376991568102165304048894010117836508646146094662246667110893630184516026575293144298787438666298141519945028743208312139754919234538188547070972787751690655578774647027275666940187825246980245439041221100286898461716277852282325,True,3470601171045757797504087885504270001115560047891194291969774525465193880951262903929008840235146765170632343646980082801895311846171794580966849641652286274485587712526948841068851494246573848575882166395452475549102213539150122056695071334977973132831624770649658370417075,1561451093814473718547665425410108139246557974579835845877145014573813604779971075013615276193558701526736115358888098216273664367129151397885688154150142547102145634103894879461038404474393377286160365755040413020103191621816323740275677968563634215155508016855,True
BARRIER_COMPARISON,EXTERNAL_RECORD_EVIDENCE,,,,,,,544,863,1008932249296231,4692040978676117168678486741710525896765657165563302229252993212697581749060035318309783976624022363914197265392309433042543036176629747690757108198418826904190317582680417722622307920853466616760696756547469171349491609132630728268757160870311435993476584465541,25695020506089908700412363860625089026670790143501529925146691461807807878528173277877628767583072216057564510723173149760085044909146829286317096873217790525464975303107381396748669932539706128372400391696685141839809475099831219523554789936451844853677676927,True,25924534834922071400851233241538648576301012029549746157318654782726978767066137410775057237543655192726273540901464094979892720118031264081544447861761493185518448608442602100137199541336219228684018322836902006434023707696330812452610944675989085886085160955903310736762137,4692040978676117168678486741710525896765657165563302229252993212697581749060035318309783976624022363914197265392309433042543036176629747690757108198418826904190317582680417722622307920853466616760696756547469171349491609132630728268757160870311435993476584465541,True
BARRIER_COMPARISON,EXTERNAL_RECORD_EVIDENCE,,,,,,,545,864,1008932249296231,14106873724959135558177422087052383606400904463985085454245212313997308986060594328005104522045452129078547473439508852702517280830858417060671499539130077764106475469516185504823694592281545789890952906771799243205202964466619212997991990469416441372469995056527,15583483656701621817313367740263434872146435840147056802974722576295945874607773682127701955979141976261339007008412299503910532789092511058601402872459268505349482959457470276704350355327239167391926916306597112063154287845437275129648652845088750480549710973,True,15722679217627022169197821384512591437085708545144585346318639522855347804349017436373048845278105989321314582862296898642851022036030270890057747838065942108308603941880783992689018389622666954226567673908527700155202854773470652227729911343746591707894336291892589708242763,14106873724959135558177422087052383606400904463985085454245212313997308986060594328005104522045452129078547473439508852702517280830858417060671499539130077764106475469516185504823694592281545789890952906771799243205202964466619212997991990469416441372469995056527,True
BARRIER_COMPARISON,EXTERNAL_RECORD_EVIDENCE,,,,,,,546,866,1008932249296231,42382122752738974778816189984998762651410579326545613895708102293801054435942759730166818750483126461907553774843687665257328187094513599158814848505137427395390471851498421188384625436286929248890583994574181187929065167537311695377416987125213590901490468489389,169753606693241074019787550904013969032171176701156236353854871347142793145776813349393474561477575272606726071347451198064420802243973486776503984111766011658139334778101758657196369950565475937626329266486707963102011138444424592270977392463799819602615772535,True,171269888227159450574305220833744482894891780722443062290230568219217220406745841901023392270540037145678955828271081468522207342744217855379324435008634901221419295592536396593512215637639982326330677610929939738759345100951455526943395579399681107024405302027312454128815585,42382122752738974778816189984998762651410579326545613895708102293801054435942759730166818750483126461907553774843687665257328187094513599158814848505137427395390471851498421188384625436286929248890583994574181187929065167537311695377416987125213590901490468489389,True
BARRIER_COMPARISON,EXTERNAL_RECORD_EVIDENCE,,,,,,,547,867,1008932249296231,127392374569663196753584264850362735283063201717998271819014168288639673218872186175106476988836459684410306742631707424371089939691294189383645945066401058598455597326294722260808042946629955263542653080757677397041020599161751311666015024243497839840793338747399,17248197187178387787972861979147249433586053380608445281841799568408557349516470836138948910272128442529342012753496395982505591225136645926712850357745210406054460735387884663255834313361394071076793729192457381655840315700822709284806441677265186163980759141,True,17402262384364815456068635780406614350136721819291961865593106055046953245442367335453193872797234726176819166076481315192004921688145395301368539048156404078283951710033011318756005037832021124388134475972392663103089156330192299789363356725277993470326733475398622370097571,127392374569663196753584264850362735283063201717998271819014168288639673218872186175106476988836459684410306742631707424371089939691294189383645945066401058598455597326294722260808042946629955263542653080757677397041020599161751311666015024243497839840793338747399,True
BARRIER_COMPARISON,EXTERNAL_RECORD_EVIDENCE,,,,,,,548,869,1008932249296231,382669136331882135095024184341821100506852532630717675720822227680392039478704372494531472441283539650606211064096411130311480575889389351965340634301180728619935155522483084173732462115428200824369761436343299857630711990584886386065573198466207653795023882800661,1035769837346624831906698167403231063626613113587545863404971027651265316224177350932499796279137580078169698440838203584369030404688977566585736755028341280354890469403998436606434054016754249696834769328112705160267907146367370262910670796460064103779675394351,True,1045021591747321518901899960782873511719487406153950335606976515370350275685917418741593547496037457600250554135702970126325248978153452527577315149099965811406799725265251390879829298863671915082372200141552031095659159762038925461449736833123364635616758545639273347142991081,382669136331882135095024184341821100506852532630717675720822227680392039478704372494531472441283539650606211064096411130311480575889389351965340634301180728619935155522483084173732462115428200824369761436343299857630711990584886386065573198466207653795023882800661,True
BARRIER_COMPARISON,EXTERNAL_RECORD_EVIDENCE,,,,,,,549,871,1008932249296231,1149975459487216584622158112188394880151209307799044468217585574299068197724464373360442583222947261341319796537094388819727284754930195191153633099311452397158078920741844922086430719448437942608076493085310970238922736744153188962466832098341479498475647114635839,7043410495180233169891212828072850452183259154545519700452695598737954525375043806493831187030697519236835784932825468338793145738121203214979603080905446437611579757003334440285968366356943019024921860546479447542005266236161719328957018275093266492489958650765,True,7106323993618872846840476096115235209834771181246148806861718334931888490856113523165716505998695386487632048957003015101972683786816422949424783575121883830908190656336363600333733031591719152083947787279195505712377048458310170632675797551160216527673389017770129961559766715,1149975459487216584622158112188394880151209307799044468217585574299068197724464373360442583222947261341319796537094388819727284754930195191153633099311452397158078920741844922086430719448437942608076493085310970238922736744153188962466832098341479498475647114635839,True
BARRIER_COMPARISON,EXTERNAL_RECORD_EVIDENCE,,,,,,,550,872,1008932249296231,3457798580427930471214816573216910954976234763024699168873232287928772910326798143588720413265228353581964042990503788174353226373838694114491344083565998036667330578923117444520225490753927188364098314361057193380890613322053686104480946306795864643789243208842941,5385827552979264812989165180765922311336098208505030660406956733077229269315084404696166368318953441701200596357232974673635219118146527584049237979434648926647105875844646798991240281844107977337095371390873014381209619520246723825971031282427502752866146081447,True,5433935107348985379982323433279246930799077692601255220421999849512314817374895501733406063953754104715374600671432626413930303951025007381502998214077705905973406046846653090224218554772343828904518614419428867435532868686156934904721044446320159099727713529901150204156126257,3457798580427930471214816573216910954976234763024699168873232287928772910326798143588720413265228353581964042990503788174353226373838694114491344083565998036667330578923117444520225490753927188364098314361057193380890613322053686104480946306795864643789243208842941,True
BARRIER_COMPARISON,EXTERNAL_RECORD_EVIDENCE,,,,,,,551,874,1008932249296231,10389140145216352848341134192954185493973917968329229035060647993849455365287204477780946566988458199861901435729952607953402423339612299425534921821961275800388179370164517690082543137079008286172032613293420145470916646145349296747603738943930446228092333356399671,47646290524060663832336442149203025024435653135778148863123130325504956421565347243659153490503138557122215305954185784706394093546873746873926856464867327552316584417864653440707050479985766091486626534669749699633241216937217039799713140932987101707805897986037,True,48071879069062222461025180009970658189807704780078148061592309859103645762511576640727705099945926423641166894413450717025766406671923545078051699664809008891422549984864834692226616744322658741408205338094601901709795159436017958700775829753281458265768047636521929973514726547,10389140145216352848341134192954185493973917968329229035060647993849455365287204477780946566988458199861901435729952607953402423339612299425534921821961275800388179370164517690082543137079008286172032613293420145470916646145349296747603738943930446228092333356399671,True
BARRIER_COMPARISON,EXTERNAL_RECORD_EVIDENCE,,,,,,,552,875,1008932249296231,31230398051379304283810140472076366998102608622008213218945748501800912633088853621401981009736467156049741534223622797581578246891221766604848323750936954162709288644074214496335096070505931742835048520721254697725729163152800843979454816925962747871175414988682405,16983640111690513923533540019988042711597525366282219061760350471421794810215665612694842929324302743292191850332609911377228535870884584134663999288348459567448686092271108147187832902143529636558517922020726472941274217305743646111939234456142931326587854991327,True,17135342219125602098762701189380304979781227531136914583471688335044132045987169380073167667499122832943328313643740799941397240740376543499984278904123461980258322577295002390464005912945467205446018034938544507516599264797865260155876703602560450930964514722291872476358788537,31230398051379304283810140472076366998102608622008213218945748501800912633088853621401981009736467156049741534223622797581578246891221766604848323750936954162709288644074214496335096070505931742835048520721254697725729163152800843979454816925962747871175414988682405,True
BARRIER_COMPARISON,EXTERNAL_RECORD_EVIDENCE,,,,,,,553,877,1008932249296231,93817149385598404329003897202656722026669535300065691884364854545907830973721041240324225646751586581077299056738398340187476694418435036471032087822917116011217366999383966341180221530055608997143046923845752615803145938891908439411651650966231061987323074805013999,302861383256054496917552192915206192858211444180951112240499132424451533339607749074649763872343134086025483686057724619615593097152127065378225138077552424881348192599459028791430135782058126185478277130039224670740721518929045884910218080054065541573423242907549,True,305566616633498936864913781249204254118627456211605802953025547489666006621056629224439398267174681374790329680124445102095995680771917813968294476892977515328793622486484010543823706378881419653895250063506155917775370221413973012360531682122249200525572800541423452317447147819,93817149385598404329003897202656722026669535300065691884364854545907830973721041240324225646751586581077299056738398340187476694418435036471032087822917116011217366999383966341180221530055608997143046923845752615803145938891908439411651650966231061987323074805013999,True
BARRIER_COMPARISON,EXTERNAL_RECORD_EVIDENCE,,,,,,,554,879,1008932249296231,281955269082637178897305594753680650209455443636361284563204999799743865218981045225445807410423500194944194986485314810333397898234384056039044729749176362126010105266797190432240397864318082065980746218265211937913271614409748948128103753652064459457156543770909133,1916226001452095311340462870166586837468309804871271156942369721314099195654666256170210231954510305682672083598412753400782409249614274448031607975082685459360053115088959903773756955648684527659645724846025855019889760024834397441028255746904743615094908440456919,True,1933342209804985332869244054471866119073017463107597645669518572407132461795550372010197775860233295628212367997146226115375202876518906175778249991401361063538455486477848045121197873696824331111914534025280557334228400372323427964653201331625018992507435427122461696505824572289,281955269082637178897305594753680650209455443636361284563204999799743865218981045225445807410423500194944194986485314810333397898234384056039044729749176362126010105266797190432240397864318082065980746218265211937913271614409748948128103753652064459457156543770909133,True
BARRIER_COMPARISON,EXTERNAL_RECORD_EVIDENCE,,,,,,,555,880,1008932249296231,847881090951279400333092396843883887146153681853740689330056744047313084848214821694229944111945462391681776224536423590084064954619467954620928054369229142747462332874972736931520126689559266496148660441707452175755150034165341363956906463969678472352218908736195943,1718110597620558651670163444815887476830227525300142189943619867779319204420626732725586934513607303349633720634279942034604707916211250336507093681847943639216125196104548441723404673736012986566093600714444841028998898202314153177894361213744042883786170474433669,True,1733457189797001909509721320518584930350512011431671989766787997468859617657129178683075003345862880869271588164347115109776745292744107591841283731314369120407067983359960081404686602849752704734828466736793313679076042284644248183673178853841971413799438179374619731303541201539,847881090951279400333092396843883887146153681853740689330056744047313084848214821694229944111945462391681776224536423590084064954619467954620928054369229142747462332874972736931520126689559266496148660441707452175755150034165341363956906463969678472352218908736195943,True
BARRIER_COMPARISON,EXTERNAL_RECORD_EVIDENCE,,,,,,,556,882,1008932249296231,2547673840260573928281628415697335534474035747450535739271053721438102232927187837118474876097186310788743711203770229088419937383691035436870371893351087540981251032774080542064158246261887840084858824898945989251296120484368213131015909797936005605018155281055524917,13215466606333130519712940665815408501640086354527769131597838195663914378348624269746848326240669137445666222224756462439299163413896897024696741532344056395376443886638307864365946407628120152523967949790599971148337458351320537824063895695172504574355621117175183,True,13333510448626913906725185647349781644788616790077257863783899431911654388430431410744261658507262654638545796147224471802027962551857544646510783679722535501637800902227048352131873845030698691406315670888476657684446444518584815971592386843592085368844050742109389910338488635273,2547673840260573928281628415697335534474035747450535739271053721438102232927187837118474876097186310788743711203770229088419937383691035436870371893351087540981251032774080542064158246261887840084858824898945989251296120484368213131015909797936005605018155281055524917,True
BARRIER_COMPARISON,EXTERNAL_RECORD_EVIDENCE,,,,,,,557,883,1008932249296231,7659143790408664693974290147754742095564406049908861902936695121498958612311736999498564803336958626821024663731954520537930782230403632602641466601026863073899209234918890951270866203558503682640227848992132498650011042980593395549628491017915897566900460062554323103,7401860565113573300329020671975241220322643949073937147725600217687916074698896522960194887922618502749938425386602841975957331580638107013388382649831267275217058466616273436314909677204035686269155258782738121199649320076449300310668438869756010031078424576028845,True,7467975828937109007391470198873237519417527347102806013417556537714661023455118733452638381643091915792713261824940909515292980961071746455584621096049893943247014898092472624724365389166333765411625929953043106464466062897146162232485759402511571596749207410386046865304005783195,7659143790408664693974290147754742095564406049908861902936695121498958612311736999498564803336958626821024663731954520537930782230403632602641466601026863073899209234918890951270866203558503682640227848992132498650011042980593395549628491017915897566900460062554323103,True
BARRIER_COMPARISON,EXTERNAL_RECORD_EVIDENCE,,,,,,,558,885,1008932249296231,23009675910479879900181680244589697270977815764841095079057153278866179663995557974781974760101675269372661051437151228159134286849871950391985101645027790123608539977949971503969381540221191372691986295566986557742278491996757698962046996301963454204393368626438466013,86694660203112356418606664666867692230163162076240551937312629391671402344790642141441284845366633327423935758735141616611752312064019489161568831843895605647475721786446120622510588122972756601412962957526337948089674070184372527255051813040791037477212151279079943,True,87469038520698592447742584082971927388149228087566353196120953129184587354037707197918208332686667843623988038708287740327460756272217014334649323174385106953073820311454762737515608459350525913849519955283903052571144730008655058062040080464064083809813511863042386327334937594833,23009675910479879900181680244589697270977815764841095079057153278866179663995557974781974760101675269372661051437151228159134286849871950391985101645027790123608539977949971503969381540221191372691986295566986557742278491996757698962046996301963454204393368626438466013,True
BARRIER_COMPARISON,EXTERNAL_RECORD_EVIDENCE,,,,,,,559,886,1008932249296231,69158005888455182973580279939070975750071837754981322718159731494075754300228061829491045680668223363756331395276604350658770621184260061512198112302872173978469269026623109112535276338846295417161169881063315920395816928210183146138787081898753408627948059634417384855,2127666578250523185341583396835202413708565312646693835394573220583590551596116134081053809704788705575325345904092487099735666903637794999091759954079601655128979812949160613268328003475671633816900147866519506306117770733019076472969453396281082895728943633266197,True,2146671426546715640955058303506922844861100077667318964889725323391344927423717603513452247030435145888571103191003173856055015260643943132366129978213620365890358465654908759176776210645479271089991204152614225002448024757098888727789032366074775351176977061590176056313131803507,69158005888455182973580279939070975750071837754981322718159731494075754300228061829491045680668223363756331395276604350658770621184260061512198112302872173978469269026623109112535276338846295417161169881063315920395816928210183146138787081898753408627948059634417384855,True
BARRIER_COMPARISON,EXTERNAL_RECORD_EVIDENCE,,,,,,,560,888,118303688851791519,207731973979396635466811318227816695124492294185860043116455737797181693517166961298763379842731065202545690667760114384339047384822068605209079951644194129150695105265415716538860092452904328849653931631914660255525413689070369536921653431681986317913380086413456128197,522295627796924661696981571398041355794687537770090005459270349570612004620339968982728762881904588670118939898314942186770249539287754729968504751017453235539983310531625884348331856741312211242294677893024547194844162191839254240003280331641027307759001851307745855,True,61789499439538488705106339479856658783176306603017293665326654660122800256071855319656821428818239003966413185011804372857095474844254836873685015430193954159785984106407752067051444869168813919171240444839934135795217531948245161431152968250581341287935347405054630462450218296403745,207731973979396635466811318227816695124492294185860043116455737797181693517166961298763379842731065202545690667760114384339047384822068605209079951644194129150695105265415716538860092452904328849653931631914660255525413689070369536921653431681986317913380086413456128197,True
BARRIER_COMPARISON,EXTERNAL_RECORD_EVIDENCE,,,,,,,561,890,118303688851791519,624227747194314252584715868325865156870584006241244429197273386651362803017431987137451110731098776052743857931001548482468084239543359498317182313874892816313234508538432706421597331104174756941643482850642830743928092684970389004786129038988863321858283889281184279119,3630537395639466353654771999024267061598309980638869712190157568347280945723226389270128694456874656223928675137355485462194918772170629569790432137673217428918335415965991263079103061147477419090259943476773596288235722094078550762347328880731818159564265635555026621,True,429505966418524951007316828012692637531550203537277909344837620226142532643062265386923412486161650761931059535286070840113606070433644178416896997438574062882003929925414299915204678184713904187459030017065974140856519738521643069457930202717925500132950319464853780031394781587027299,624227747194314252584715868325865156870584006241244429197273386651362803017431987137451110731098776052743857931001548482468084239543359498317182313874892816313234508538432706421597331104174756941643482850642830743928092684970389004786129038988863321858283889281184279119,True
BARRIER_COMPARISON,EXTERNAL_RECORD_EVIDENCE,,,,,,,562,891,118303688851791519,1876810542607440142491275259547255756600180513458390486983444852993359298916020374376997217004918649938658717503889466765208021058938693225711316777393920164384300296584040346484860208294371352395657200371523892141191684525948288590443062092738207438047426188006816415469,2637010137923629586709006857752229207937940472602210353321086626500063109720853238522616460125980407817498603642423820779048075699282427189831624874536221397561464310413519349100879219748269115817276191239520970049894224207992500117692035098960509533543756580137923639,True,311968026855936913453959245745587267866565475698929614639082235695331070429799998448958444659657217285665898684855581634171539627697413864067323187723753387035427879351478724889412660245311862842595855321013235488686090644857298867715905416289050595322273849395801785518007837969817641,1876810542607440142491275259547255756600180513458390486983444852993359298916020374376997217004918649938658717503889466765208021058938693225711316777393920164384300296584040346484860208294371352395657200371523892141191684525948288590443062092738207438047426188006816415469,True
BARRIER_COMPARISON,EXTERNAL_RECORD_EVIDENCE,,,,,,,563,893,118303688851791519,5638686229871315196948081087781087841777398529844485859733583945058619676475509949060279420638000593376830439933438042931231599857433309138653490003720243924042094431689605493894717054846808220328425104753762476242389866519919108923498536229757857259087427604346976402631,24420234511760427708637638851897831577527800356435428626462032036583748784060211574143388626867228345161070654466556733552217588332306204608574217700575525971071476806209466927575497586633133630358835852100162547779308556772463804691776008383351418490929350393468083365,True,2889003825367086619497860213821743093055866696922597070708107957052186266288173590770498919576627121857252255896572006674853176050299278934568705172355197764327451458903964524380640729353595287967350035423409080333825209075987157284463486632596603596119975766184924465706376527491981435,5638686229871315196948081087781087841777398529844485859733583945058619676475509949060279420638000593376830439933438042931231599857433309138653490003720243924042094431689605493894717054846808220328425104753762476242389866519919108923498536229757857259087427604346976402631,True
BARRIER_COMPARISON,EXTERNAL_RECORD_EVIDENCE,,,,,,,564,894,118303688851791519,16949077097809924668741264499900545813239623547410715174333749379490026148336325150897989340406980354373908469487392699336124946294768845262038628697314665495683057462818754299444696884395201313551089328818050628002428851328054299379173008495446511557042878974347037832789,7223887143323127331870443441128918917727485314791095613391007481417008532590027288128008894644536548648912589242529115796359320059082921669405280793859130799666094918752765261635053050346095759448478442774089092819422133723446196720528412804174695911595728568187000303,True,854612496904156341949650735125304121342919011464558304960878871291786578869426390617002416339259485570738528321694972935205299482069687434239173080329842880097683093313780174292311193590147066143800228428749745530407878662300429128127378362872003547747310426564696960509717528145830257,16949077097809924668741264499900545813239623547410715174333749379490026148336325150897989340406980354373908469487392699336124946294768845262038628697314665495683057462818754299444696884395201313551089328818050628002428851328054299379173008495446511557042878974347037832789,True
BARRIER_COMPARISON,EXTERNAL_RECORD_EVIDENCE,,,,,,,565,896,118303688851791519,50913268109821732162017835972816202015533726557986660713267243227098412682828566060128270178206898211608559707836335239093235132329244371478272203464251863934162720723956138533855182092895157245784896015567678282557805057520756843354873825098685414230689829245653330748159,153745294213885693583696276552515908382894287453403667372163199700919501236951296732988340655847906619615336516041869517109664850052920149320850586997312286626094955756009566827088038570144897541601493555375064379495273474358229024871184463104283206857171830928995500493,True,18188635449106676058936812018055762679678119193000140729209526613604904176598467935239995933799022216714252063701127012984324355783865361041651404114461029466062391846737567320576155569711718793947900440969204227533359133118223372834908298158451625124467165023674243754747976693097718867,50913268109821732162017835972816202015533726557986660713267243227098412682828566060128270178206898211608559707836335239093235132329244371478272203464251863934162720723956138533855182092895157245784896015567678282557805057520756843354873825098685414230689829245653330748159,True
BARRIER_COMPARISON,EXTERNAL_RECORD_EVIDENCE,,,,,,,566,898,118303688851791519,153003951595033029109229677810906864349860603336978042900865710035808574999764060610122019162564523228773016321005634281619146570767484457203441879881987061590942355513867918143649912037523684957881200163157140441875489186708646310934040673745439760930314257027408861243645,989530413777322327103428614574064331667530188396332524244450308129432406267578749673382277855200907753520404541382737230211342109661445985213090739454876436786671551267033784649995633386861133677828713574336381542633848715826248813451950288079886097061054073684724499815,True,117065098180896856309161875304886689301631806213426285444936139839732890289756158859275942540522041690150902106047549415667806896702221278080689751837269091701264545807397609152525354664900266763909700345639432646368619387879958460306829546754697333298302430046943342757119226513934068985,153003951595033029109229677810906864349860603336978042900865710035808574999764060610122019162564523228773016321005634281619146570767484457203441879881987061590942355513867918143649912037523684957881200163157140441875489186708646310934040673745439760930314257027408861243645,True
BARRIER_COMPARISON,EXTERNAL_RECORD_EVIDENCE,,,,,,,567,899,118303688851791519,460068443847370417820393713002553626262619504663006371746853051525479072804405631549314891999468884062108397753003417102215204407421458742684826717602887063926643839909601764599287199147923907755749648955287843702434763616711442056279798815033853355743921848244022059727607,855413116789305995900926704056126568927201261044511484221508088281601608575836811122477810014973971681863633651119696975104636090973595806637116304512871002726467917805081017275060829454877636821389209090164391011309432976472499485002263269171512385225007897463221506101,True,101198527208383256398079868911782462854505624102575403305578179523525959829425456363604008665066224910420122658365974740144085372704163054419127097536263261891484156353453198694388512171640358763465104945991018084031690209538722013712070031146722168195303550237147582299856493803238557419,460068443847370417820393713002553626262619504663006371746853051525479072804405631549314891999468884062108397753003417102215204407421458742684826717602887063926643839909601764599287199147923907755749648955287843702434763616711442056279798815033853355743921848244022059727607,True
BARRIER_COMPARISON,EXTERNAL_RECORD_EVIDENCE,,,,,,,568,901,118303688851791519,1382318509666653914446590498147326945213933903293163601329070997412543914023443794085842345021957280937903890838983279821361142612502386970203482308722512950087565066464801314134536523514477429031461043797496375860920882963305332415794750032696628213137723699055657131176165,6792595599453239958521498391500512558932382391422506629688209937058196046181309309162771477146179418202986060899416120356372688748942271717915660741242129623446497225407283725175034629776044438888361490536182680267112525271429992365713964997650828967591332339571568504991,True,803589116293764394253051120741102598664296461383133115975195018561923301567962409519259663908198475051325535294651271234150926752917490722903265608559877812099071431197838853609540640161041959346923307019827613962243406536818472775553047311674906167985118130518807638842571852886842971329,1382318509666653914446590498147326945213933903293163601329070997412543914023443794085842345021957280937903890838983279821361142612502386970203482308722512950087565066464801314134536523514477429031461043797496375860920882963305332415794750032696628213137723699055657131176165,True
BARRIER_COMPARISON,EXTERNAL_RECORD_EVIDENCE,,,,,,,569,902,118303688851791519,4155408241498132387281408931000645101346103267096068748341260363582058524511238980009117711160074357820026462836841953522945545398459203879206455549822945883493229386338388023750309274826255110151231519119020506597229017342600022235205664448470157223037003714461335201501871,3472361802018431992289622057173006268194032741111631180969887122321023256728732424306962243033508241979377542914020243344882944342740877961729734912912322409271117788253688482125695323682487202968309018545790011868600670446240001454313194232407319655108762429987089568221,True,410793210206834682523907306200286955589771027847771723691743135720388216385143066843988440072596223873715936605740425647578097719532465930126259561875281330598738445043599530723121505898642345814657952332064603046136875977646191388991793062085759850358524472326963348755706072752019717699,4155408241498132387281408931000645101346103267096068748341260363582058524511238980009117711160074357820026462836841953522945545398459203879206455549822945883493229386338388023750309274826255110151231519119020506597229017342600022235205664448470157223037003714461335201501871,True
BARRIER_COMPARISON,EXTERNAL_RECORD_EVIDENCE,,,,,,,570,904,180352746940718527,12483130149490738449727501666119263835446912915721362133731875833435029138415532135530534485668628103472708969150310088686560871317281697574811383896779651716940756532903132233944327233044410976567391332810124277820619788933168116681259822046171016836358676377972733220452365,44227935398737871743418612406176081621788327089646670959099146744670199533816588279283591105910584751197293908310516965483119076836394508269223699360365100149950101140697390833175903102338753836298477961762886093471275822074819955648596984218312293460656756467416500598167,True,7976629640679018343673202540547202687131547427244451442798598056755657922894736762768238182945275230766665024987853767216410320530218363632807063277833727270382011698971045060376371282865251574921307739922722828374301795753684104609761389619044770221680276122652581805215834954784279140009,12483130149490738449727501666119263835446912915721362133731875833435029138415532135530534485668628103472708969150310088686560871317281697574811383896779651716940756532903132233944327233044410976567391332810124277820619788933168116681259822046171016836358676377972733220452365,True
BARRIER_COMPARISON,EXTERNAL_RECORD_EVIDENCE,,,,,,,571,906,180352746940718527,37517012148457580500715604490827105631975151204896709956028006471060501674773857188604328865759504430468645230010067178530579554439461436473202220679582211416666543094261269352606579333395815514156961100242623865577590314420976549946350780941555231178066690072273110125144103,267927206166943918296454822157156496134189896734187122542055381744839117655971328863301590824971994354628526843205375838243238205741871022343809076567607832138397294525837474046722977832181430418469637509790722511875722709168859672088420558739298218363292146112070429368517,True,48321407612360556821358068152434147251266753913303393622364809041890840464899257071070541773969761432578121971645264378509340943371228718673149173421944489255177259869601919441161213379965017029522296662531109682775080760970633093579585267568208733568476961143985664243226758133490852414459,37517012148457580500715604490827105631975151204896709956028006471060501674773857188604328865759504430468645230010067178530579554439461436473202220679582211416666543094261269352606579333395815514156961100242623865577590314420976549946350780941555231178066690072273110125144103,True
BARRIER_COMPARISON,EXTERNAL_RECORD_EVIDENCE,,,,,,,572,907,180352746940718527,112821523245314202108279211442358573398463103445620624087413535296203162062430614693863888232292993771608008980266749185475326425268849684414678937995719659313376723264991298660914128537237776880290031707976875725195694733748818449449337602036834416210162713970238972230580341,262808018617910542624568526716956483327270028341572928967134379191203276749827730488101502445955022659739000056520827747554190716294863076886875315756773369661003919162531215951387859395883615617112098031363910609779587155728979795694743251880449303164588931496927577809487,True,47398148075787663302720362334132284994311815213630023691218367639177054609837584082148316421373541336621858328208980828087582902991391644920535585912060237989406880518050621283355242014418001869533396216541564257716540788073576161737551407860328509091686352327845317419363261323920497265649,112821523245314202108279211442358573398463103445620624087413535296203162062430614693863888232292993771608008980266749185475326425268849684414678937995719659313376723264991298660914128537237776880290031707976875725195694733748818449449337602036834416210162713970238972230580341,True
BARRIER_COMPARISON,EXTERNAL_RECORD_EVIDENCE,,,,,,,573,909,180352746940718527,339005543335825527537102430266830233200464609998722860700899637654652800263509930337693467966907942275228173521273342856193154799707479803234181365901105028066884357759388877188931166685813991316508391938428635432512931782218232947568583324534840693982413429417556200402037087,1870371255619574052403297459659895460132409408746695664219466669660237982685655703667911047395786988787510161115753082777013619950746089210949729775162420362491387686317556060231725726388972198127929923090108245681033923410742137828225266604316238613344341808169350154020589,True,337326593749951004230868771248737168501912338693450385425407221890522097399233126508571567065192109932090590158080567099143628563218763956959430626443727173520470439735662137930322522294208104046667176191728222354367025353897374723215063013269580910502548119191759302878723810124865611752403,339005543335825527537102430266830233200464609998722860700899637654652800263509930337693467966907942275228173521273342856193154799707479803234181365901105028066884357759388877188931166685813991316508391938428635432512931782218232947568583324534840693982413429417556200402037087,True
BARRIER_COMPARISON,EXTERNAL_RECORD_EVIDENCE,,,,,,,574,910,180352746940718527,1019180524407008267460366474559508751621695028643612535857335040028131657095402136037487616980839670667301106885712409767648166494726162409663122305359099284707669825135826556391548624353844616652078363073277939325242185670541809239588032047301871863354941438280025736047295517,1283324967795352459091524860943582339794830931352179483386145880634201338312277062189306981955673283129357839562496850193636668644792267711692774013918860073440659343632818531184928586361631189277415253286258681636321122458005619720111652418249153024630725369793780779693255,True,231451183159500955401775576760850251429829443870109898869213189779602557918817882477208229991290386107371709780427202837907366272677935782086996404500995682352412126480945317469940381878807918387733578406770548738231464102985539217635553881054361198597688108742384506153635325762180355435385,1019180524407008267460366474559508751621695028643612535857335040028131657095402136037487616980839670667301106885712409767648166494726162409663122305359099284707669825135826556391548624353844616652078363073277939325242185670541809239588032047301871863354941438280025736047295517,True
BARRIER_COMPARISON,EXTERNAL_RECORD_EVIDENCE,,,,,,,575,912,180352746940718527,3061869362020088172079217791196562358905687483225725515081277374212741483895951098161277277102750699685136493300921991701081903675385933228910523331388866255137042979122799518824156121654339135361341463735817884031133337659399648512528660289300315152880226614894791477824255063,12505552501512796773511309618902955100589287383832353468702945898595629234426211284196773266330395215854418806257015346855718388349268802977391152664893382248388985461538154892575282944695464378044994791826908155722524662922458446689463252044146584704696776218809881703816789,True,2255410745659206980786988204253273262441303476030812211421656521122735142314216641528637632382443045699915250728910605432769137651990519523843580163163358723475234764894918145051875515644056542667736635557139882864433616226369787556925931960671846661612976823892940323425978186511374025949803,3061869362020088172079217791196562358905687483225725515081277374212741483895951098161277277102750699685136493300921991701081903675385933228910523331388866255137042979122799518824156121654339135361341463735817884031133337659399648512528660289300315152880226614894791477824255063,True
BARRIER_COMPARISON,EXTERNAL_RECORD_EVIDENCE,,,,,,,576,913,180352746940718527,9202919241256517995030126843661831492879472038856728175280921139151610502126832054679089535949178849788342170477905024695795327790987583686416195655412872369467262952229677955070509359334238547704449889271389916315027135569295828712644237457479743709902289044903231512202239237,2894347112031432735586988712420032976948683792393800331930804669014786825321113462074910517137684181697875268492946855467921635388238409562922135502132938632898926662055667481643860091644109893283988247608196023913328806573608989951876576974843251590871928218715487652502271,True,522003452254804484034318716876929754716649850410506575008901756232495552711597948197861127513041587588545266636215828622119257620144709861200376690848589464753710752876425664587409066901638477985066305324106701994343953009456683054700714611980487721559280481015673750417645722634790239274817,9202919241256517995030126843661831492879472038856728175280921139151610502126832054679089535949178849788342170477905024695795327790987583686416195655412872369467262952229677955070509359334238547704449889271389916315027135569295828712644237457479743709902289044903231512202239237,True
BARRIER_COMPARISON,EXTERNAL_RECORD_EVIDENCE,,,,,,,577,915,180352746940718527,27643380034162060942675327471129783310963235294929287785916941450481603607258453684427784017129390050830891892583993173272485216902622319058617838288731164316514056886411592662407610066745157926354200663942042277388335651890081252488049225551596827632230085535147408694065665807,77927662121108213376654846425837763580484408095387921144148480060588562231878381167255550115120055476824388106035038936602231965483851227427269051491493232123232839431284596837095557759816896161553956998569644958248476784108359670088656089239722759819052585531574777875403005,True,14054467926210046368756247942396569329364470706595379843538840882968906406596897797369686921807699861788036771009679461218734083532087827004261857669828741805605119342245934534898662160765977733991486118666945999180945650367675408396256306376011567691237141424373315690973514841703034394973635,27643380034162060942675327471129783310963235294929287785916941450481603607258453684427784017129390050830891892583993173272485216902622319058617838288731164316514056886411592662407610066745157926354200663942042277388335651890081252488049225551596827632230085535147408694065665807,True
BARRIER_COMPARISON,EXTERNAL_RECORD_EVIDENCE,,,,,,,578,917,180352746940718527,83068629344056210658365770173966505262188982598224276398047536483551899225287191134845413688515584158356137202353091916557852584826505229173330520156163681781991242778125013176007158155205242912026005976337616945938023936399018822864613729371420868906783130207193082712032789805,510761469503380300809540060431823949340006651158989844025869704395942493719295306625889924600188178157396213520329910290600564133728097677235817734414857361267842756074324168079942583218988954411469840018689162420779391809875209811198073700979940299642904960096437593297793783,True,92117234056412670772881910994252828248951496741241580004665065105992398213639109203213474922497399981453714197433166285065707493282878270695428483398618119062191306361204433769241726322542182402119607166779341570334492116460247662117385569288315121179948624198425124831802855220303757893517641,83068629344056210658365770173966505262188982598224276398047536483551899225287191134845413688515584158356137202353091916557852584826505229173330520156163681781991242778125013176007158155205242912026005976337616945938023936399018822864613729371420868906783130207193082712032789805,True
BARRIER_COMPARISON,EXTERNAL_RECORD_EVIDENCE,,,,,,,579,918,180352746940718527,249759844998448743296456461564208137103764054648418481355329457979084051289908893730784487614056408498522257705463725336635145490954068775509899581628371800675770016809935980283158786285494805267931633867058811292906139732112156730195705398980784150760720885028582674655441538951,424370475949918259710318096678229213625806245985665209703912056331120253063245267381176676781252487564496443752090556948626219452078117051891410883483061424210951317101090993965204109898813799527177643964146577078202329599425106229865799369896732818185726066282459741207042277,True,76536381058107885652193064314506003703422151737902978117801025489634478665523664365222768139194998360002727054682987249559101509102175653355713808639326782605070125745746780649542219606649550405778226257224010419836855687951857238637690107223823691114897072894054663459879322880132654846165979,249759844998448743296456461564208137103764054648418481355329457979084051289908893730784487614056408498522257705463725336635145490954068775509899581628371800675770016809935980283158786285494805267931633867058811292906139732112156730195705398980784150760720885028582674655441538951,True
BARRIER_COMPARISON,EXTERNAL_RECORD_EVIDENCE,,,,,,,580,920,180352746940718527,750387448927906452532087686777241653945686377652746748388362070994108861097821321844849955939188537542474465313200075183828611945811312502509514787204876912686902627380929822359750982496242568867502133477268354788902555042166670713790844618675395540362905643899754877005010955925,3488939292970200064567558459269172909665846152939604273859130282706775215379017107136516224382381556508873724874070018692229604254446703115306317289972205591818007853547036002444859609212747525995996684076281551602878680458676365097054241575776374616043155826861085300993804975,True,629239785396583910289484530280022973197131132185352458145791416125588867947358319584503617674179398248725012239281984959953346468799445277528284709031035496978217963912973383264992577541902644818495869257900059841843808386713343211342003522953714418194588818084605412450696454201955202207271825,750387448927906452532087686777241653945686377652746748388362070994108861097821321844849955939188537542474465313200075183828611945811312502509514787204876912686902627380929822359750982496242568867502133477268354788902555042166670713790844618675395540362905643899754877005010955925,True
BARRIER_COMPARISON,EXTERNAL_RECORD_EVIDENCE,,,,,,,581,921,180352746940718527,2255594002513960248167136268670193932374635987788205462454581001209753412205842528144535840205642860815054164726835822247178537729230362211447808530893676780699078189947276993120351442047760318857335327936172748007444208509820814234187447542958358973411688886955292043169778224063,1603506418428819051956258700869577653843828798888378242587814393266667821379926101437603896992648294265083600151016664691285029170490701507390613311824531498713407951666055925137589709573018068330135043493477373335549274734424909661335350862984419202185556968528431593490702349,True,289196787300710717536832241494049071243934688669483279267820889750024876038925652798169599996160582071307712416913862034755871640426662562740280994640885894282623545035987984529514057737891960050842845828788065196198459868708943652310277763732169875184176056644050549067855420359636655946719923,2255594002513960248167136268670193932374635987788205462454581001209753412205842528144535840205642860815054164726835822247178537729230362211447808530893676780699078189947276993120351442047760318857335327936172748007444208509820814234187447542958358973411688886955292043169778224063,True
BARRIER_COMPARISON,EXTERNAL_RECORD_EVIDENCE,,,,,,,582,923,180352746940718527,6775645319002362525643155222687519738199061673024546821942732580084113894442284709653579465393083078820424031754978660132921016971283936042181953931239122427373975185450806031443251315261346181081663838817253611303805712296104046888192170002739421624881010571377930953818825384765,22537142176250019439361609456484615111838905716526003885742596089507319113654028744256701243286937633318325949395436776844662654697170920199228517051657765049621455072948271939806747364849503224306115147951166682952821357486483100243660800317642666898444491929694943399453532199,True,4064635499680214179273739423174186910426721481781598028142569386503558083723075570305191306041236971563657785852605771794475950453223334227909989248827098876151931328513828284119469522989307828961818061376188424247261310188989002920362298901454456384351708965151683023772034145571367869190350873,6775645319002362525643155222687519738199061673024546821942732580084113894442284709653579465393083078820424031754978660132921016971283936042181953931239122427373975185450806031443251315261346181081663838817253611303805712296104046888192170002739421624881010571377930953818825384765,True
BARRIER_COMPARISON,EXTERNAL_RECORD_EVIDENCE,,,,,,,583,925,180352746940718527,20362389202849014701496451334770310978897799857713362204144156046071756314625882629840626175283867221962318245562820753964304666048223205757899975147949735623228888018788318302658541902256299441283622936486702303037309483954878557407095819503675643693226807356182012158694439004599,138517918212604307452056161784957373936746394429021488289144399907351219939019087992545661939096783902047278443955857461617218232834308023305912259619709977362789290090645232476996155039070305750181185513736438300643158205592282785769601391867685637862884759885523424674286297205,True,24982087050152970644474189064290719518059834108437386845784135028524608073594421158558303942334731816089911951965274058144261193487443388842486552806099061401672036759164942174482117968070451282122612279687862187376447652898415696614812759145395156188251850076333174577589973974683935212971817035,20362389202849014701496451334770310978897799857713362204144156046071756314625882629840626175283867221962318245562820753964304666048223205757899975147949735623228888018788318302658541902256299441283622936486702303037309483954878557407095819503675643693226807356182012158694439004599,True
BARRIER_COMPARISON,EXTERNAL_RECORD_EVIDENCE,,,,,,,584,926,180352746940718527,61228980591914752602757296671141939993895858927698973565696301361492927469073761893041429642270073607891139337880001356155080458682155207799116378860778680234114513906108555741290777532657941916005394489599872785615497840130901339191364696492856446354015524636738913665035168415013,131927787902395925820283151692858007405320474169290558339766753166736609424829256938534752980346467697772632948789383860518733623531743019084829945000183203232668170784734030800684813339123732941492196261677561894790698084245514417154328211944026364918449143270815896119156089183,True,23793538946009599506810684013799523407060823672941789491926697609518088931082485685103991730160111842673981478265995203389450211951236621892433318179826125112151139183000997234951516307801242665419204456826398903590688069369452338429534827672058320423968657505487021707674435772172479217312393441,61228980591914752602757296671141939993895858927698973565696301361492927469073761893041429642270073607891139337880001356155080458682155207799116378860778680234114513906108555741290777532657941916005394489599872785615497840130901339191364696492856446354015524636738913665035168415013,True
BARRIER_COMPARISON,EXTERNAL_RECORD_EVIDENCE,,,,,,,585,928,180352746940718527,183970567742479674804807775347087834096092495492214694603616570531034099457613513686163391159647164707681787216023082256989574297121436804448182043416194987431199241417812868890502636249751912932325234829079150109853632296925235351514248565442228369610716779046602495373009208047471,963035297178021770532620122402602251025798840743419488074633152610843929058943784893808724614927171110056303612524528630222043020537591158920303502718443067409403911328605425662661743573545567442579309344096191698649647317799211131771936563150140192095757702583956444164873872413,True,173686061246927423373655818399543840515419828323566110566631507780665737372649012636453815384168502739213453190057639552255017372875896954947352635016420493522183359737990650281844224116223950358154878134953572027849373986759946518118411382544429257553479757963486069173214279620276090495143295651,183970567742479674804807775347087834096092495492214694603616570531034099457613513686163391159647164707681787216023082256989574297121436804448182043416194987431199241417812868890502636249751912932325234829079150109853632296925235351514248565442228369610716779046602495373009208047471,True
BARRIER_COMPARISON,EXTERNAL_RECORD_EVIDENCE,,,,,,,586,929,180352746940718527,553046207094380692400566867375911558745897161313115179436960377379323566574409453086646582410289269659078838457601559525066054575664195137547877757584020749209020523051387413338029123356368087534211909928355577341589451996905831390303363600181321231026831157685350503630642435352141,620098157650729339310777697911693837838046849288067212002567885389995384039007298368608311149230441263215291772948077696002760461843325070097655837283755371382614138088202943945556016495939227855327045796034551038838729693146961874080001980178176186925632016665834309264999197783,True,111836406105187770708072389766050440369310055751735363336488863533551329800340815584794085377752839372874324549134302888418385170538942507761847183141493007823630310458021316537573971577390961626875575346963214815238882845673481543036006549520270587534144132102358191318878949645793660112605425641,553046207094380692400566867375911558745897161313115179436960377379323566574409453086646582410289269659078838457601559525066054575664195137547877757584020749209020523051387413338029123356368087534211909928355577341589451996905831390303363600181321231026831157685350503630642435352141,True
BARRIER_COMPARISON,EXTERNAL_RECORD_EVIDENCE,,,,,,,587,931,180352746940718527,1661407629017025413173987684797030789152930833612287729563102463710413236126366183316252565093563360049303468991869304083392827095592354861050296527422933821457907166750059853347129799283328960077108140667302986048825466202977744842431326608253235937469855114147137545915156928475879,6398309940718859962506498432327307343992839893748584140450366801055058958392670007731460658838793467923553113448095249477335018585068872023619476853594413775839037606059835497921526477937212632510802901860611701230736613599942228664711621359079017339500178232169572974254242432261,True,1153952773586752310950007300163313483461829025693132026736277910217545754036234891403516977682763855808155043689480140201948489407794324237445962993240015968956730468885965218228639316274734663775804844156684646982335126766233160651746474844786846132855022679883274606358164627367450203083465199547,1661407629017025413173987684797030789152930833612287729563102463710413236126366183316252565093563360049303468991869304083392827095592354861050296527422933821457907166750059853347129799283328960077108140667302986048825466202977744842431326608253235937469855114147137545915156928475879,True
BARRIER_COMPARISON,EXTERNAL_RECORD_EVIDENCE,,,,,,,588,932,180352746940718527,4993298917986609583411111385068276819119749899528631953698192717421009853991649846174008966731472284436178221451866414282957134761176142376777542600952287759697103890633770013373559114706885670129214065530853974242704839457974237213378923055596796789967011906805756777838389275105461,1042867951089892109222833942613018710063722297708222403580447823624885650075417572691839074951971827235030387827281682874698106957051028817552393193810650680752332050998599829425145720014058101753121647691802911235328142717821313824248402403059096903607405967820438736925747941135,True,188084099675500937546861377029291800969891643327692333301588452185070203567854895614012046850270216666336850900131494459072132638672985855696203204457900124926833256610290580222248342653956875746702060006873930800531467381848617864685603749456400917554706905345023689468382768382073718267799908145,4993298917986609583411111385068276819119749899528631953698192717421009853991649846174008966731472284436178221451866414282957134761176142376777542600952287759697103890633770013373559114706885670129214065530853974242704839457974237213378923055596796789967011906805756777838389275105461,True
BARRIER_COMPARISON,EXTERNAL_RECORD_EVIDENCE,,,,,,,589,934,180352746940718527,14998048815830895438011630816559199360681164495969433391112348804842569853200052130972529443095981261885070293308116246914428711232326582717585933840223835869738076452668490946785016777834454590183421483650451954920571400072004717012306655628464568325015928849145958613701004804672031,39432727595403051884261824536576862774020761660199727246282648629955239400431437619080603027984732634776349068515853179738708218467464260959269254315377133335786557687357612816954304587637333896817939058855473118619747824317474685812518130557533200940608475360837876582451202534701,True,7111800741196014803246905178009172701740865797486484493719255913490344727785264244035113912946853351515267113037012335670763069085438931280371981163897995938667216069926081889594084240302364858401531124946981812694542227979247581775164452818177477714684842984644671327617370532586774936768591105427,14998048815830895438011630816559199360681164495969433391112348804842569853200052130972529443095981261885070293308116246914428711232326582717585933840223835869738076452668490946785016777834454590183421483650451954920571400072004717012306655628464568325015928849145958613701004804672031,True
BARRIER_COMPARISON,EXTERNAL_RECORD_EVIDENCE,,,,,,,590,936,180352746940718527,45066754694976953065148079095095073695331152677442450293408129024845870724500566762719598500894201419961353395734416757005515361492172370501771025670139397971801288481074196467012408068358554089733381599182915993531541727008342172525599512732090416795507359062352628961846362331438685,263514677754742657879158764444681814897380664048899421881013166526188048002115052461262152296469466516614078825683592063674580245787637480904256061881912125181477919199520091765578383473292640056688113639686676895514297057608467034796646085066023243740970455912019871234049442449287,True,47525595992266092372165999721712707300547360862473083456415729968211570651682590960877652828424730860610827580457508416186475891933996688694249429693791170071548513410159086264491609570269071499850293154546385519255417987272549658049923924733765532992137418028372415019701000507522539938166538840249,45066754694976953065148079095095073695331152677442450293408129024845870724500566762719598500894201419961353395734416757005515361492172370501771025670139397971801288481074196467012408068358554089733381599182915993531541727008342172525599512732090416795507359062352628961846362331438685,True
BARRIER_COMPARISON,EXTERNAL_RECORD_EVIDENCE,,,,,,,591,937,180352746940718527,135490697074867926199896983866955123539144094790463951360508717515810256833103341767366836189107634797108630250443522336065462995657287600901365973608289755365752101935497483907666655144496423545932613390474988495673935288194338603531516721583058097668360367246716899368512478664006423,209678053390093964731983129994240538390868475873497305074378617033274824803062198967705084039347325100702109996506646093189918375821933650606974989902613474847960773048771262037873271578355366705127155066579000527922676834201229194953571481624375167546331248418034647755364987967125,True,37816012902086085266796862414397365120343028707364730468215340993672566081740579967543714126937509357572377775986639611862680937091270486670214344272984781192458079428953896410637401313359306800968080344817396233079088748478421323252049509084364199584080697787363640911707445883518759303056554424875,135490697074867926199896983866955123539144094790463951360508717515810256833103341767366836189107634797108630250443522336065462995657287600901365973608289755365752101935497483907666655144496423545932613390474988495673935288194338603531516721583058097668360367246716899368512478664006423,True
BARRIER_COMPARISON,EXTERNAL_RECORD_EVIDENCE,,,,,,,592,939,180352746940718527,407052957204477912608596444764205175523733557887665055042094813429976059818513308260516589940172965465775030877811111138294222809333403781496203714020612388997952778791042240736258827312330793191262777357277446517180426078921639982503986531522747987568757681859468723071484219331400005,1790766119918549912006935716662331427775152460166893836360457616190403112815752513735277997818164124200386582950608198475237399850547758536032511361194086225936828288245891812631343572418111207045255836904699061901008459179852031403733447992020514629992153983890153875159661642662847,True,322969588855682639499792860744673608923627193882203231206709720802941989991836125732809631097485894521237343258731690108981536288695250618835710922435731801621749159889908413997587058734973735800069839272095709348611596672113719271551593057486957397536905205957598131029913448928653998932055787466369,407052957204477912608596444764205175523733557887665055042094813429976059818513308260516589940172965465775030877811111138294222809333403781496203714020612388997952778791042240736258827312330793191262777357277446517180426078921639982503986531522747987568757681859468723071484219331400005,True
BARRIER_COMPARISON,EXTERNAL_RECORD_EVIDENCE,,,,,,,593,940,180352746940718527,1223482335532930273861411306945974746196405767728087968968559083820109336732353056615214095311919140695121653139355509935274003717446375259657034314844809658596644228311325878261811929452358469787648080815242263672175759094119416635149705061662538740960979366055678269078239791351722959,725370520762577664776861843268555032915269250315073824532085788208894784820993873877183010654003777008038737007471554643041620659315445271251188517637275472238700988339363331823135686522153193416270023894248944434063662830562718935709409787471987380563820997126261897904718212942653,True,130822565969350383701769488228094772520489150606173534411874371121128802989050833877714938425764217769631190053107985233370634956399995221206861208840085572687747793257538342930061757025337945811547124865713045448337468309627336607473001051525412997472063167490765559910575901673571112704622865632131,1223482335532930273861411306945974746196405767728087968968559083820109336732353056615214095311919140695121653139355509935274003717446375259657034314844809658596644228311325878261811929452358469787648080815242263672175759094119416635149705061662538740960979366055678269078239791351722959,True
BARRIER_COMPARISON,EXTERNAL_RECORD_EVIDENCE,,,,,,,594,942,180352746940718527,3675093934437783893655477866144642677839627491314449514590226538520690324750685433512970936918557910680958080429910882846604681731231453609307949290100373958995504468810375946891506683387807589790663739932546639257796238997067243280724606119176205779392350739121579006962293640770214765,11469967240273877136818476143242543599566184011316436842694831485351313461715508956288850997562988522210358234711120745494466019762601996487446256684801792827859670717814714207611197121030820435687805045322443315840114417909674907358110097739595075160516744900467185148862688068919735,True,2068640099103446220700526652696136426062252313899392921652132695938780742940067588274572725010679584897055249605498125887259852688571498934221126743454476382418242752596988826915584109435180360611966160498287301540007048342309652236782559396447157382693494403236354346090056595245495106296957590430345,3675093934437783893655477866144642677839627491314449514590226538520690324750685433512970936918557910680958080429910882846604681731231453609307949290100373958995504468810375946891506683387807589790663739932546639257796238997067243280724606119176205779392350739121579006962293640770214765,True
BARRIER_COMPARISON,EXTERNAL_RECORD_EVIDENCE,,,,,,,595,944,180352746940718527,11043869514669323969251409379660801790520523226464090974508876763803520232466561355208227414686875686425246725337110060702944727509263672149271233252564901809808800541936721089098803630286351491082869209744919310738464563850037703343275782094282975564214702781182913819797177989170827847,71585324432766207980406990883475144801980057075434172004478790938952456814156636207495760855092874331376042798888186562744762690426428632157109534581965244128153283164630639471400751608949904728819395030526115877672036971400971724278257766727501677556851362337755153267182197927126309,True,12910609902091918940482452710135817712189896390021668038622436418117919564711863111389429813965586481043812466601191058410371349343200549885065552698100307804674725749088461673248347681742207174545197625099454565399999718680639526367801903156825145709189702812765293703703485346635612391623228745426843,11043869514669323969251409379660801790520523226464090974508876763803520232466561355208227414686875686425246725337110060702944727509263672149271233252564901809808800541936721089098803630286351491082869209744919310738464563850037703343275782094282975564214702781182913819797177989170827847,True
BARRIER_COMPARISON,EXTERNAL_RECORD_EVIDENCE,,,,,,,596,945,180352746940718527,33205959389431861060894131263889900399568132689475242646479418884376357730257704284301940659785434876805230112200839830761356911790068261733203241286749825160715550167832536260993545211350769360092119589023875504075697078985457004034235201229866359596794710598821448655032722234953217749,66054282450520317661414722835435378392814151060363070107859186885263304726429471267970451115662987935148256017645262383188829546724795325692245545635656269806162765449145931019933613843419940499434265513343203912409336043515127164019063406147639224369349576467851068519170058899910511,True,11913071287149435707923867122217819400557131376771047021203155933147449350568947947905442886162568537720850528664786452236746882919657437325587968223353408784344187282075404249738661631479957152798396300879993053080084861427076300473588809600540742883132230026070958449377193796310328883940262339737297,33205959389431861060894131263889900399568132689475242646479418884376357730257704284301940659785434876805230112200839830761356911790068261733203241286749825160715550167832536260993545211350769360092119589023875504075697078985457004034235201229866359596794710598821448655032722234953217749,True
BARRIER_COMPARISON,EXTERNAL_RECORD_EVIDENCE,,,,,,,597,947,180352746940718527,99766579859143361488962200041484691254717524088591667385343833839060667256489153290260338810805920265474670208981538789589116193894759275770388806918359714944724947587542354770374904275035737853963382686649861655947698011827058800111521313583633944598685336307009760356380543239741121663,495566229047117565543856668136286247204694493512968102134731932518978045611369288512945016246220233923404512810974381759657405689283367118634902753127447734575082464436929767848338123497119368872350635696499899178441557871920957509688610006512649289710457750494381988122263246462668365,True,89376730699700949350818583383032725673696509716901055252937774441854966738840126616242021769956087423983725328271932802698974978978860736635981284411955255612392541776606174289228747721933200200069582051476720445480083173510913458680400228541491617138270446902662720671598105876124003233679634812298355,99766579859143361488962200041484691254717524088591667385343833839060667256489153290260338810805920265474670208981538789589116193894759275770388806918359714944724947587542354770374904275035737853963382686649861655947698011827058800111521313583633944598685336307009760356380543239741121663,True
BARRIER_COMPARISON,EXTERNAL_RECORD_EVIDENCE,,,,,,,598,948,180352746940718527,299894546340821197692005825123714033988205076346438759939653810260908378032331621620199083758216223336659930116460693557987530415782495789594282752987520102684488031098806048260701787389040932656638243738262525542725521134963927552369826780327041297029260826963210938634271135858749238653,297085160359126246393120005888938293509075319211388739159578310104181611105784366702700397141735621298374559400768766838608548871414176789672043794500427503098870720952821404390865242623919917120860550463618547770470474650260568458540150867259021402721737167119830834107777460336257767,True,53580124746092279144267822083581107132989066804351509001500096755914425467987248758623292863994735028666481015705504624141987616057028511271074334268285649799737705608298676707635191855826285633511173559083196191480935163614002147002665486664997297459316313410188780720928219679599943373603513264549209,299894546340821197692005825123714033988205076346438759939653810260908378032331621620199083758216223336659930116460693557987530415782495789594282752987520102684488031098806048260701787389040932656638243738262525542725521134963927552369826780327041297029260826963210938634271135858749238653,True
BARRIER_COMPARISON,EXTERNAL_RECORD_EVIDENCE,,,,,,,599,950,180352746940718527,900873252549245819526255925369662022412720237200643795386206048270177886622723188359433385926245595090451629328414235052402954915543923293349080923427442223754090469968776112681259511294990236159410922571413457777941417603857284961180006020133402817554192116973996131033072419855299463287,3270482534641831639656260014706655776737242280289197351967969905218049884774000097780370494619057024838801636266615057396552983007114379501481460313265113910549365507574400011480893983606636130354964364642617942841119821881786313516671810906334917140984483670086122762841356939112267957,True,589840508944297975249179322381777461175168125105757840519126743407044225901028008456075423483731259572568832985337101440335837489930192931086962040740017183474092956267935722443007678187425486833928665867943518864361434204679482899085066857913947000288938994826165104750516854936343962775681322138339339,900873252549245819526255925369662022412720237200643795386206048270177886622723188359433385926245595090451629328414235052402954915543923293349080923427442223754090469968776112681259511294990236159410922571413457777941417603857284961180006020133402817554192116973996131033072419855299463287,True
BARRIER_COMPARISON,EXTERNAL_RECORD_EVIDENCE,,,,,,,600,951,180352746940718527,2707378211754866364379721576103065749030580744247241448427596614760344669971082859073644696385124485593242243901371322670970319419417513578312173428141854334064776916595760209640395130396440461236217533140743897932883669607433864099822120777009324158528214895259441653620253308682105379173,294539389667683317061180055960603745371661550247467517946969816032129448495412302652034271081770430741693076542610144666749603449855741974583065220740016126637083143859456841209488927880402875095362240920804630404525873921340507985809999500773339691676362335351847246451972584922825247,True,53120988008809374482034542621195824420700676546460267498874417663928879714818976647404090884205560771428939203128954049368013902754149204165929970479410614122759511031648398048614624082489940768205416841054835433409787758688542864946918982066020569222856766096100263900621781218855357707560837036251169,2707378211754866364379721576103065749030580744247241448427596614760344669971082859073644696385124485593242243901371322670970319419417513578312173428141854334064776916595760209640395130396440461236217533140743897932883669607433864099822120777009324158528214895259441653620253308682105379173,True
BARRIER_COMPARISON,EXTERNAL_RECORD_EVIDENCE,,,,,,,601,953,180352746940718527,8131651543478856904741072328297356610676582298032344469820746784180656030119075165211623166368148857423501443536371203040433867603824028131466381600144618327799341763166144372114418584212260889224622130275238742996769842414025610732030567764246203887315921774453231481902832024278730116143,19917434597518673154998740144200538405795115231982651629754789247340428757139412889334257238796112579774502894142300489046067501492542018983471827100330699589933276189305856910094852829520219657225148428776512287451244805212058389085840864938782842537583264355868583823500114219596432989,True,3592164041674597225977110476911860591471709427181007310613634878106194235120987027383856631786593118206841937115151562691383038842335306790687702214919513714967317248639262732706660693207042861771777412048715948619578392986765440259457320129549702570956490735053090892403722910836919134361648769866287203,8131651543478856904741072328297356610676582298032344469820746784180656030119075165211623166368148857423501443536371203040433867603824028131466381600144618327799341763166144372114418584212260889224622130275238742996769842414025610732030567764246203887315921774453231481902832024278730116143,True
BARRIER_COMPARISON,EXTERNAL_RECORD_EVIDENCE,,,,,,,602,955,180352746940718527,24433022263293601960630847384844707286369107155259513907614068112140456171180531847597625807955548174845603177938142549231393240193758033980518590063310076285818069343013888089116188524728540689737744514237744425782784861608972905926348525025611537308872873678059320529876784465765846262925,135887569506618512280257020337876523896105868020908951192919886938997447918030942593515389418591542889521203340484781687321477269049525229189306007053434703609887935598827516276150102672076703099431692110385930447304403149428322627771166060562199821462966502466857919807077128518101127959,True,24507696435616468088055358826928674247253557871709527964308951134776213089269081471918147331895685098190746289368513490247265105063297357084822755858683668635298106608095058352363249363459420743183976882248353615136131297803095567436838213122055671166021153952218433080018599001232169648040811344628996393,24433022263293601960630847384844707286369107155259513907614068112140456171180531847597625807955548174845603177938142549231393240193758033980518590063310076285818069343013888089116188524728540689737744514237744425782784861608972905926348525025611537308872873678059320529876784465765846262925,True
BARRIER_COMPARISON,EXTERNAL_RECORD_EVIDENCE,,,,,,,603,956,180352746940718527,73451337321308930867523063754344671676464762510428463715449515374815320836834820950643902659271050934837204923130543408134546270110417900286033551241435114067134384243103484158440296662552654157468746036361346064518255922294503012700072862008326314514319054452976465926303506969016162446759,103121645663605565579727861392529936973435514762882868364137584029087697167642012078495697446961808067772831389222824181231332748860978998612355918150533691469311378672842766644988131282165932787270089034932217002110534513116378041258924318703194288988032669803565086074924242117056067909,True,18598272064478698623669966896013652850406955254462559763054667402498117732182762856688132249543432320291356956013305262049331361044726324403429670720350495944309700375576094440116678955025093598077352062336237768298809418038089715676649628432540759685456734868418657628826075928810859964298973893766450043,73451337321308930867523063754344671676464762510428463715449515374815320836834820950643902659271050934837204923130543408134546270110417900286033551241435114067134384243103484158440296662552654157468746036361346064518255922294503012700072862008326314514319054452976465926303506969016162446759,True
BARRIER_COMPARISON,EXTERNAL_RECORD_EVIDENCE,,,,,,,604,958,180352746940718527,220658553026783042573830234462655114664109169620585235131563168201233867157090913667633758448621965625112405548023861745284371909389541297547056215827315112620763505157434092257504352164392026648917263096380263767894570441818677627942273159887962348718358030196526406452256828050485734656245,918447062703316639261269983419789080350070722888336575521656905663072384675827667639588033958511065404900051432131514305160196363158130373748191960471141913128638992265807864301888747314626151383860241697247799685936953409686313807885920682076393217765831684604712604917387013225662835663,True,165644450678177507152002119857585698333928302484719727548908374211155396267797251688197016240917542909435834692224386203532921991424510466912366205872452507756098340024146444554296175135781618057181213355826359459115597204856663120297678907164874786681583658581729256108937669936203877852543841961540428401,220658553026783042573830234462655114664109169620585235131563168201233867157090913667633758448621965625112405548023861745284371909389541297547056215827315112620763505157434092257504352164392026648917263096380263767894570441818677627942273159887962348718358030196526406452256828050485734656245,True
BARRIER_COMPARISON,EXTERNAL_RECORD_EVIDENCE,,,,,,,605,959,180352746940718527,663193823331774127606534876186449742531187037218955081335547992910853220057618544265709477229101148157740379758600511319376048124401774279396990895893984419539731925184796835901246905200112336652795889238325693601042922025196707243195037775115820666856677557939967254050155712725206193232607,319012685259950147695464353290570163331155454266257844847994102685979981335876477302360335405030631408373925238542375869615796623173617609600079057335262384503097551808305335437968828071365042063380826721938804339389460747710222687221171142361938250090560353038068427981703892179009979245,True,57534814095566876332037482894578135870955160568830989607747634618822016518395902592060570753603644934060448779935276941059054341112205425928789842771753443575618064482766688727103972324519505119747011392208493760470115811600413467822116634025614329543897159839294635436975241209526441719043844763656972115,663193823331774127606534876186449742531187037218955081335547992910853220057618544265709477229101148157740379758600511319376048124401774279396990895893984419539731925184796835901246905200112336652795889238325693601042922025196707243195037775115820666856677557939967254050155712725206193232607,True
BARRIER_COMPARISON,EXTERNAL_RECORD_EVIDENCE,,,,,,,606,961,180352746940718527,1992017798498172382589692974156318024671280168371263995888360955346862897345547239322744835453773947038027465504859386125174009165671623611702617184506031421974078594979379625961208413014209523370475867613346885397847187475071470448321549916251329241973239608520677831537237595323116558225565,5829695061479849983263084253809304645431579791596277297977935536664414289390842483139888539156097023837774233831331461700576974802122399852089230820162113863274931505403152521249301311959121950366542276905425602455011181205828105534536695234820297556685550460666344057486025971532986993223,True,1051401518164631919244050202040092325874524975477149354901197879885754394125179412721242668199108902390675456933281594162256586289659268227402987078006468490112208104627645356052881023139209213462834291527166650515163699040740392189608190077014863049633399111329670172090601260826749708834306896532899542521,1992017798498172382589692974156318024671280168371263995888360955346862897345547239322744835453773947038027465504859386125174009165671623611702617184506031421974078594979379625961208413014209523370475867613346885397847187475071470448321549916251329241973239608520677831537237595323116558225565,True
BARRIER_COMPARISON,EXTERNAL_RECORD_EVIDENCE,,,,,,,607,963,180352746940718527,5985798709505917146849432304856829262324716731971386995191950772497801640727408144070700121427203851373307701430809567043705486666880073929154429540814406919341767062638095350913496028698118623759780402433519874572415248023139806219910396112369456691532546564365137772158794614559341588787671,36979713207239548110496017537178290558047193089978846947669619524419140249705379654350895749232311589963932533956811721468649264136773387649423667053111648428887349916122403623489483246857473147805226017674713565112404739468274066495102812935398823895712128988207587266621735094582789201621,True,6669392858005620918723901619545708650670212901514073609015413543774416560655505057943971828350518577526002813173747835843087451934268412480675431432784238107878039958600317227644919494080230432802875903983664628480504503545977783713391930930796669392907027861236155579390505931272930661211622138566413132267,5985798709505917146849432304856829262324716731971386995191950772497801640727408144070700121427203851373307701430809567043705486666880073929154429540814406919341767062638095350913496028698118623759780402433519874572415248023139806219910396112369456691532546564365137772158794614559341588787671,True
BARRIER_COMPARISON,EXTERNAL_RECORD_EVIDENCE,,,,,,,608,964,180352746940718527,17996377384563351436869710444121988540217655103344541015683323943322256716945290136621962824545139595156824323957354335803850296680101034163649600571628471371703426298714111944859971244716316085872752405674476497232740486461120998159514173791570245937048950648307830426664711158037992422806917,32976627530518651688660993508533365187131764409176480628065606915553831222984730143327766720640852696089358272019165818938274433488695410575647102788833717930411828148715426631502132496651990256593281305190393664347729435001663199919337529882444746784514476539788541423210576563813054717055,True,5947425359969962112204700804935399259824086804211718649798961014854636168846647894710940190038788251162102670025631294103991583541642806248160413503293383773468457296931427044989652783590280128751135594342335177701459884942906922561906349993381687202693761474719886485696709198648065844800060619828381377985,17996377384563351436869710444121988540217655103344541015683323943322256716945290136621962824545139595156824323957354335803850296680101034163649600571628471371703426298714111944859971244716316085872752405674476497232740486461120998159514173791570245937048950648307830426664711158037992422806917,True
BARRIER_COMPARISON,EXTERNAL_RECORD_EVIDENCE,,,,,,,609,966,180352746940718527,54067094665781254303251958391468967127139975124894383107264915081624473740362001818685613394162474867544275411201914276757018563399224727243321425613255915342466529117741987618818880051392868686805079613771263238729210944166766153478108492283634489536049473855348325500370788102833912581308559,254854906773955940351637098731603108535414922949049562314083324062068672721217008069433141216034722235872953475760036147750170018309335736472189105107503608503735927645449848372439031977796829143424637411238675055022157871811307598889954407494837690158787250469034065022940987131309789926781,True,45963782508003687624548110522209651163845364213296160303891442277501135532779678242374771160141899716318119549068118309162516295147253281132213002099998812420736697048533330410859169748071662725568391018244322948584486906218773624842257935578161703560135928642136819962039744786285649812069793451226860171587,54067094665781254303251958391468967127139975124894383107264915081624473740362001818685613394162474867544275411201914276757018563399224727243321425613255915342466529117741987618818880051392868686805079613771263238729210944166766153478108492283634489536049473855348325500370788102833912581308559,True
BARRIER_COMPARISON,EXTERNAL_RECORD_EVIDENCE,,,,,,,610,967,1236472189813512351,162513134045708562880327183410818907407367964634126189562654518251504235579190531091335739864595648930928035990925147907652926383633360680739454772433249750936824588239624569993412505423154287777162528428305124704311590771633911096432589360486598475507758909207744313382618982823381478995476909,140864623592267879912294823370797273710166249961068205222703958924577301954599753650500059431655510117199345788469953679509123183555009190435576128358501006661206010139135271205586557982027053935694738251046048917150595348208650800142095951094499271255386468008428432055585931634446866677879,True,174175189600387620060820216675894699265148449523631007096700250692510558649258248609417890286328320162410919493984499914871390698919478342615434743245432966685486901501517145158298051962491739155046182633883768977328375736704952726359182042659480071030519609466116140836731008142432338971852348102835904983529,162513134045708562880327183410818907407367964634126189562654518251504235579190531091335739864595648930928035990925147907652926383633360680739454772433249750936824588239624569993412505423154287777162528428305124704311590771633911096432589360486598475507758909207744313382618982823381478995476909,True
BARRIER_COMPARISON,EXTERNAL_RECORD_EVIDENCE,,,,,,,611,969,1236472189813512351,488163102233855288582124166705280734273999972421264649169683100767774335453780644544565018958003395449374527487414253877722520537771455040237345308486713262629323766491670924254149246807414226764982164458898044089182688193168958561294295848731185440322497702906631613910870185499903919489533191,1669994064236003522022117415760415924922655787655365579107203903296989338281901802067098906727863843532437066643030170566010143293411023609268710759003522657683621576011834361440220749848808028796242562718478099247283542579076496393481822396063525412208109970822632822193231854422305606238565,True,2064901217581458684839073471524797591132876269277418258173210306002950652622595068092594745832050925268220184856815419437113082695293509999352848107085631399553115374072953925291119518406594810574951790553193393288222003857094386181212198259674310662676180762609450580030974603214258565551950102340400280016315,488163102233855288582124166705280734273999972421264649169683100767774335453780644544565018958003395449374527487414253877722520537771455040237345308486713262629323766491670924254149246807414226764982164458898044089182688193168958561294295848731185440322497702906631613910870185499903919489533191,True
BARRIER_COMPARISON,EXTERNAL_RECORD_EVIDENCE,,,,,,,612,970,1236472189813512351,1466984107088484265510942966007138251029584231339338269435927486356369521226178138715926254330875980974485260520798002252222527160799857112787959890207995827163371306566201629858094662574048134028924810072624812172539728092575776771868998615279116376164377009853489536784663504618749688481009429,20381418871211036925420464689151359599339211877452883565243603797938285173295241738901806452002277873955082818609273588099334909249086675958202781298489422250850545657788893026817945935516618432094296294074487758523601599427313208223329017070465842856527645278508362473799325191056793895983,True,25201057623192755890769128585938800048905125006153826987192702307176051168503915220419937603888916680710849070998579541343605691740230112032368811859564200672727443945251816608457105143306059285602401053411834439718504983365046535097986252239450189690054550983943110009797494494929502110278074893630579786033,1466984107088484265510942966007138251029584231339338269435927486356369521226178138715926254330875980974485260520798002252222527160799857112787959890207995827163371306566201629858094662574048134028924810072624812172539728092575776771868998615279116376164377009853489536784663504618749688481009429,True
BARRIER_COMPARISON,EXTERNAL_RECORD_EVIDENCE,,,,,,,613,972,1236472189813512351,4405941922039289596061969829804006849503921322169103452161538827175201593408206826312241157906359532176179137679504487994777512577370555322515727600119699560040913933880982603765577832025755309554731063609735796327602511303865132491579217984008469238886898831827658000458096410094324925467847999,10040345804287232169058124959251646909135273937809646358208467023579874314864706054141495246819185339068577482676790296984160194669715228331570467335319625368352580001728795061668142445028364791209549672604943083242224857073886291569114263393451618316105187470214305295633190451724890431327373,True,12414608363111944864925209957734724346846162740670663376026454538324879966904074323775988412596194468290031958211891096164022101863501290108149457454373352597991419688382975368355174215582874922735313144372572194169050528125931363622371175810285314165747139126640646590195645113780480895421978688936032259883923,4405941922039289596061969829804006849503921322169103452161538827175201593408206826312241157906359532176179137679504487994777512577370555322515727600119699560040913933880982603765577832025755309554731063609735796327602511303865132491579217984008469238886898831827658000458096410094324925467847999,True
BARRIER_COMPARISON,EXTERNAL_RECORD_EVIDENCE,,,,,,,614,974,1236472189813512351,13237784169213215986302473216542388934172438479111664931899641953949976899143310119594573053374004953539430837506955388936772262111995601904154574518341946994325941858372458668061908873291709558536019724396652828222740842016146606178626542504709888158235767704551731561790712815235278216502822845,70037843603556092740301829138491712048754847022138089904676345919483860781973399478123645050310270038992581384914220795831929343777017558209494837971655504511457853464208098715355181763972354117281716152705707729593290780324076282485119895549315738098457980548158036719746741259781551492539815,True,86599845850305300983787240161111804827336277684620797708338869340588047154306473283786879636926694277861693518631254718652031444743626269412657776438298697777867208491337805779184734247360451747719963197967063345906731637081138986935422395645123796883949319274677208811251945862524212242630513923828658861755065,13237784169213215986302473216542388934172438479111664931899641953949976899143310119594573053374004953539430837506955388936772262111995601904154574518341946994325941858372458668061908873291709558536019724396652828222740842016146606178626542504709888158235767704551731561790712815235278216502822845,True
BARRIER_COMPARISON,EXTERNAL_RECORD_EVIDENCE,,,,,,,615,975,1236472189813512351,39793186120021036751373674558148640345160013487752413097359027751547419173104688921415117478741720288661866210394633866620075683855522549458893290426957234239790625802035419431246428128732903195095365307459740241627955758466644653351435181724867586241007587949930224927037832785515048409905583927,50446306047890693288395670372528050860868440231577666393825258363474630996403073171574297911519954029830348407207262767977992992259565181769350770052179999908773106556537442024662527576368023377232879918553609269313407504562559216344251265172103681694804269094413626827851544160917133683388661,True,62375454507038037395315279331704887334817675203427162803978585119310512448542418601524981314227639341618689979911438435316233777618389211885135713014181533398029827769257898641077356339634047325103794534503802984121874700430037376533031714078299973105016350245010550271095795502841558502433230343403728256852011,39793186120021036751373674558148640345160013487752413097359027751547419173104688921415117478741720288661866210394633866620075683855522549458893290426957234239790625802035419431246428128732903195095365307459740241627955758466644653351435181724867586241007587949930224927037832785515048409905583927,True
BARRIER_COMPARISON,EXTERNAL_RECORD_EVIDENCE,,,,,,,616,977,1236472189813512351,119539225584825887839053533491488868120765436564092075895397287034037234470663583889508149073464571722072746026931436999479744846605639135869539005024734489232997477859942345147860687403914258624260708190918784238803333740236343629685416653596078602255623333522340735264444887036163572750510982565,470673367669227249730206645203478323153397522364406205821883333880377795688243470040316168213381574263785836716692587542969569054921670531026319797882113026977520227341786034316793618160202148080923176834787855646873152186507016911254970638467998110285552152383361847146331991719606442638627551,True,581974529608869843298038720298375716298835341311151949054011801162838795374381258304246259135787805008788851091698966747228422446080146828361082371643973720065233078717284733316185761823796757811423573722306183059562264522916871298145566087949042754408712265893073803138607470677986831958216313886375681427382401,119539225584825887839053533491488868120765436564092075895397287034037234470663583889508149073464571722072746026931436999479744846605639135869539005024734489232997477859942345147860687403914258624260708190918784238803333740236343629685416653596078602255623333522340735264444887036163572750510982565,True
BARRIER_COMPARISON,EXTERNAL_RECORD_EVIDENCE,,,,,,,617,978,1236472189813512351,359256345653528773856890639742638392703437894095615574099472676219691611217388820169575633769351358590566827663784452596917305719973203357580053550049654613753494835395171382860067674282604972028680573646914606772087867080054669567580694394474139180897272279257222447726660215826964428334709870831,134682304905461069730541399266858287177023760414525790904019766481317776268593408018575406724857874094178344169794565672766346852193111650205889442744046971927757051336663269979156712756214132445871382187855455584887737868243693684876044543597246070052099076749601674787886538211399161562036381,True,166530924475586605445744631682082931718976761129974004593731220268887354008127764914053516634943867090635428667238294476566382885340523714260546184526204680711124854513810050376742514251811810089821960691739452749900231882243577220250814480990556922851483937047052800114542075356111870070982450234469057654841731,359256345653528773856890639742638392703437894095615574099472676219691611217388820169575633769351358590566827663784452596917305719973203357580053550049654613753494835395171382860067674282604972028680573646914606772087867080054669567580694394474139180897272279257222447726660215826964428334709870831,True
BARRIER_COMPARISON,EXTERNAL_RECORD_EVIDENCE,,,,,,,618,980,1236472189813512351,1079046374758688542250131997764258754792596851093525415124979658894234649262962597510829274405969362620397662157333640987708059520232181972683033720099866133369489309816202843413174246989539308397838619089060328427619332958855286059790972050794224290952621395152067827046631756917840705170483458765,2958722510920824568111781270487728226097408894600963025835319769763584550398054228260472416005147319676893364469950090930583761181723134836363808230036725133792878415387379475879918421717427020931410443196582589466126650987285795152405868374405234731765411991049772757665878488529037817393801687,True,3658378102128805665233976953472337229511988808996885698917802027245920126254415314739531071449670697143368535217432094959936917561821404684427040414390047001102523326817518450273857085194592356958363403025576551107273819019744805009124211008684813449303757532405495618946186899424032861820280333552723146219136137,1079046374758688542250131997764258754792596851093525415124979658894234649262962597510829274405969362620397662157333640987708059520232181972683033720099866133369489309816202843413174246989539308397838619089060328427619332958855286059790972050794224290952621395152067827046631756917840705170483458765,True
BARRIER_COMPARISON,EXTERNAL_RECORD_EVIDENCE,,,,,,,619,982,1236472189813512351,3242248475468474509468236307438150571106923228507291016681185497623343210232072340540897315609569235255981703135922055750948748001946833517820593440103207568544487143971363309571407637535515494440703449860447017728280925751330967607568471621869899865901082414977805416606499708501311796176865761383,19094869917580239140015972102211798136557577137232431689999001190569278537563258701600402031337736748608113421252115848440890166045744604052075984297328512273417064291671697091409548398947419557169416516121812659244233702492076241848328544097669690281732695016353189206206510961166474783012175237,True,23610275621194600391288903094121365425956200529418511837299839547494792635683374024208075300528368474915954602515165131000761828308663548219862728686415872839184165033556908547396089425340404777630680292878162424752113950551290708420859703288907011070908495482273835731248803391694887591890172932055433331675852187,3242248475468474509468236307438150571106923228507291016681185497623343210232072340540897315609569235255981703135922055750948748001946833517820593440103207568544487143971363309571407637535515494440703449860447017728280925751330967607568471621869899865901082414977805416606499708501311796176865761383,True
BARRIER_COMPARISON,EXTERNAL_RECORD_EVIDENCE,,,,,,,620,983,1236472189813512351,9747182831175059059276070178895948940237300386428732135268542576632586680468955213656329916395352295347099976063450698404144521770841650952547749439524059379377538290005109046041762498874136760310860719954405182966534484753053340535487636743558607569876120163019823991685916876495094111192258824501,16409800213469655677325403143640940576611329597979124620024836046593736067213392037525266960724031087514606952387285242726114968134933013984289714463112189332097476692976856619149472661661704694007508802237178414349286109355353299980541876395193126499452248876244083885784030901181979025713445007,True,20290261604351067591518820347546681328187665178544116549713784779456248879369609752666297556867679890804467820094020008518481182433193307993261756286264691174046114888253312855890195596994703505869680543428756188535171877685646951688630828815310750320736594906592111696105439401393506749953191070577244422953781457,9747182831175059059276070178895948940237300386428732135268542576632586680468955213656329916395352295347099976063450698404144521770841650952547749439524059379377538290005109046041762498874136760310860719954405182966534484753053340535487636743558607569876120163019823991685916876495094111192258824501,True
BARRIER_COMPARISON,EXTERNAL_RECORD_EVIDENCE,,,,,,,621,985,1236472189813512351,29282423303064448239570933049850841274544962561099914576255599897422874140952342025036265688319346065199609661501721157515030120842527253655815186557001051485620768586197365372780366669157590834910082900609343808462986869257280897032027353986573638653974106325232287458790586131467599778900099554207,130979019718951090517421235756911729395956792421373714760018843190009407292592944247127679148750451579163287479899980333371455964409400638296745620247083262972599862443007039167606763055346222037024007898968054369814688324307810751070513140981211268189848418974363219123023096668180827723786496429,True,161951915331518669939252238912274873883924868355055187573512822064425004693469853897914749360037890740300195435185010794523052152285174597312438128404759928209151105089594764140266732149037132171653762300697730737047855580993391202213789048548752816746187567800235126083598259751562832301294228662909844413008894579,29282423303064448239570933049850841274544962561099914576255599897422874140952342025036265688319346065199609661501721157515030120842527253655815186557001051485620768586197365372780366669157590834910082900609343808462986869257280897032027353986573638653974106325232287458790586131467599778900099554207,True
BARRIER_COMPARISON,EXTERNAL_RECORD_EVIDENCE,,,,,,,622,986,1236472189813512351,88010769147350428965683689202204501638967133290554616410566688362369078821038931611377900821491194912232067917750639721755476584647590964160133312624718647846814920623320249056961416697613494720640251664812544463642494267764326192798339836983312179739305302320388124311303100402332069117993590985437,65938582842684777610483601966779557523379162754375780680279189369115425513967760203175524379937921471011995948747442579341923653209795529514730953310263009012569857872715240262186908884594234291066097727878086602376744987956428848695989375761106249803578567540565787506385274146002920584774843655,True,81531223920694141158973605258285302054327113787474211023052595289049981858965463134080821322374267949353418405943229307698722036913145098606702947030416365879402273569444990130415615014899309898782404220447343525374206951234372218049780897234976187102651571078870214269667013065159248698144064184017088662436482905,88010769147350428965683689202204501638967133290554616410566688362369078821038931611377900821491194912232067917750639721755476584647590964160133312624718647846814920623320249056961416697613494720640251664812544463642494267764326192798339836983312179739305302320388124311303100402332069117993590985437,True
BARRIER_COMPARISON,EXTERNAL_RECORD_EVIDENCE,,,,,,,623,988,1236472189813512351,264359305918365455390992847711917460547565891086173594595299842427308149259480605906671909977539898169962681619742871663687202198182791298865775443781586930320349991599417053048124883473121928593740760920406659467434550123277945581799535060997119066772681873650546896803771985222854746916567357601943,851812701156391320715011016508249933899119917282618069240392248509171869269525425685941599272440630945991720828147324579570659439666199359295204674792762586848169032530757475267827487216671566513210145121686412821264874933803293355119068221648373858942669081386745102244523854155087886927493822229,True,1053242715909806160794487038731934545357876323917805336464129527675600010019784586521569317482601612391154591017053294074837034950624192682481331717458975935134308904107013574972016007909122102928704978024633727947661340437194719431332515188527493087579776977880280970771256571574536242505909436161476155140489850379,264359305918365455390992847711917460547565891086173594595299842427308149259480605906671909977539898169962681619742871663687202198182791298865775443781586930320349991599417053048124883473121928593740760920406659467434550123277945581799535060997119066772681873650546896803771985222854746916567357601943,True
BARRIER_COMPARISON,EXTERNAL_RECORD_EVIDENCE,,,,,,,624,990,1236472189813512351,794385911660353040148745663556968204165355638116559765240298636642728098963897062010168559984884948242953956325192424984744696371508447522138828354974484738080670893716076382653337183940491563508502306465096082708331919649773704759016667383180087310537109487709170785890766691731998399000048411388357,5171425913982521913679273891956394847013289467925817116519395467134817978719064857363484902347829358969798094412061961104891532239145849160889661283826181999786344933242719443728549503901570154099677843117267850520333184681145907301481605042405342014955740759220426265635043689333580161475158631743,True,6394324324320313431653726008024118192853208901974946822972275550260600287830906548042015366509720071345841116248054306831474580211411607594088886657847835155387335045915755143239124675185063001715545995527067973329138899645550569402730235552872737367826619992215524224162791844239842713163637282922128022034191157793,794385911660353040148745663556968204165355638116559765240298636642728098963897062010168559984884948242953956325192424984744696371508447522138828354974484738080670893716076382653337183940491563508502306465096082708331919649773704759016667383180087310537109487709170785890766691731998399000048411388357,True
BARRIER_COMPARISON,EXTERNAL_RECORD_EVIDENCE,,,,,,,625,991,2602714556700227743,2388389710602085816349305472355767902586698773781835221538492347371398901633512163191117000163715859661125514839432514928966448222365637068582493159442350002720496356819530041995861685905977801434627014210792665349108836069080586331522250950295182372487583930157632739590103019449731830001530588495183,5050326499894173934900858306142604359776149539465599714365311514975244452515240250867814288921458212382102555525705933849956381036848543150652794813686969042391683457126370259485380342698488644058843898342969103334845314524493612959947213617375144292356288217420514961299242560527474481654767235005,True,13144558297363477686396247483575917519411484194987826015098524895631947475842692736628769235648592220987260343476687392257151837431150332967478585166884097843184347428272005634962131999719396931956985167489484587633888737268190252823496138694443089352749493753747642913131175757307869837089111995118598798937901743715,2388389710602085816349305472355767902586698773781835221538492347371398901633512163191117000163715859661125514839432514928966448222365637068582493159442350002720496356819530041995861685905977801434627014210792665349108836069080586331522250950295182372487583930157632739590103019449731830001530588495183,True
BARRIER_COMPARISON,EXTERNAL_RECORD_EVIDENCE,,,,,,,626,993,2602714556700227743,7175633083048310840854053380437030287941360040209817516250669917000625914384178443894573640909269608847903836246008024736364062882777500210079495667364841585118456421801191914059285325886939626122121232263386830495552662446760703103511250452395387999215262724533138982605914946856668756007362474145773,36078881983789305416976501657880973441855886347020502413481684317784152324829629395048723703008434366200891121998077700479305574471723638115990762516644061041109753056582686921856677366107909568656910957046576206456844422611369056768836843871807196382090732772743072555109504696528955450505719025463,True,93903031328678015347366538294592071332501487245505617890040591593012075503635808390162441761863696289269892049604054110001948393994751283953419034401317673788527539471103763467205454882732115862623949729609746963313184167482803972087539101495533483968817022354113794418021633661755846618005142878073852581220116020009,7175633083048310840854053380437030287941360040209817516250669917000625914384178443894573640909269608847903836246008024736364062882777500210079495667364841585118456421801191914059285325886939626122121232263386830495552662446760703103511250452395387999215262724533138982605914946856668756007362474145773,True
BARRIER_COMPARISON,EXTERNAL_RECORD_EVIDENCE,,,,,,,627,994,2602714556700227743,21568755054113146089786707994789997184549134996086699955292781250547594581087103148968611484400296946001820675648865994006951061511054856647566551758245691063183238670773982894464657050336843765639324455314195829279562604298357885746311741763225527524655831909840380003160168394599899332033170257078215,24525036014940781801833798015830278875457908126566694158902053861918781105353253615365047764049064182384339544310393505720170997970458879691842775247599567467590448428933756191967886746273954160049215823069053033561299351682554298750529719536694535126184725836303106980481406029800738329351487794597,True,63831668239683716889388431508318938900436323094348294291141707154571294206476504449382789065919410362577232072116194597083873655179052711656323987601291500329684629668160304152340129113900647320859872280264068088293480679735479061794414562837783588264176902690857920539552475425938591427064201063349333006034704904571,21568755054113146089786707994789997184549134996086699955292781250547594581087103148968611484400296946001820675648865994006951061511054856647566551758245691063183238670773982894464657050336843765639324455314195829279562604298357885746311741763225527524655831909840380003160168394599899332033170257078215,True
BARRIER_COMPARISON,EXTERNAL_RECORD_EVIDENCE,,,,,,,628,996,2602714556700227743,64789976772275865403809219691327804195097514739174594678959886750734217419130445081475615576545867076921680360768281821616570930258609281977355784787039405805205454823062762987967573296362581071463894882990658163424497046811225210110491206101755309627987583202003066120165352291859484124121676440516437,240998327917676614303692807963116119526593226208689708639792159768623695054331029985657389982099670379589686276298859708596004444800800708387787350347463933714248966768429877723107950942921411571990681565348510272302365887350768639363550782767537713418729122472761542311138434208974471032385801947375,True,627249856211751808973587661275871366895445246567382001631385256712643747228291354790357439637101588098196584369740519257095564019147560415376838194009197543060849866494782884955572858410293342496603570657922549868172585684632302894319649171810984492077079036815540687047682277396473671135095058331792448493355401024625,64789976772275865403809219691327804195097514739174594678959886750734217419130445081475615576545867076921680360768281821616570930258609281977355784787039405805205454823062762987967573296362581071463894882990658163424497046811225210110491206101755309627987583202003066120165352291859484124121676440516437,True
BARRIER_COMPARISON,EXTERNAL_RECORD_EVIDENCE,,,,,,,629,997,2602714556700227743,194704776756573304749224041901814663151092983221181763289205832248568386960867877782705971223017506186429914417591580823232583773677606694070691872410327547878239319712151546182197128470495942312575370717164257192616728076098281841817697541553580837100043099495936902803235445307817596884453691998676479,53302104261612767318312768226847226978901671310110621267032486574401678209908013398723183186489099809022388255425862360046047530844705847914325952623730875896836414378775196580506690012366038348599908311480126130433226332839882945642805851672796708095487587562875741454638438148634388919832051587789,True,138730162664452793699073516823955899909790630564797529862315229142211783249426698602236029153931336252730200495653815907910919843001072124499049657206300460895365689523140764872508690956514425353714896705246267191349182472193445847213325582242418567093043795474754359426947427714789425989675354428399547579061057830227,194704776756573304749224041901814663151092983221181763289205832248568386960867877782705971223017506186429914417591580823232583773677606694070691872410327547878239319712151546182197128470495942312575370717164257192616728076098281841817697541553580837100043099495936902803235445307817596884453691998676479,True
BARRIER_COMPARISON,EXTERNAL_RECORD_EVIDENCE,,,,,,,630,999,2602714556700227743,584784023149211331323264891361106490584879827670861248372269840738436630289556718424676162655812328470619489923348213186463493286836377778489324653329401304559963869622381152983180202574304225134093484287877336982536658099624057948425540471157372327732289998267666117295185112787931079677538401350283773,1499292071767672453140469616005543944138461028562248873105785445186143848535894193312667523079087122086560505913219020611622074199649510098241050054708514478182330214989354462919154395669894507780543997703571187764247421656944494781824110548278022988607862322399444995321469043402481215114146863272039,True,3902229299934963647540599484479184101282462109969089539650626769418074266619174827344380666976540864841909706714096931450484303957886434616760078821261485719260464888491838074605945841418274480333336320652781566400384696579987263213131220613108325519555518016367998481713041092093631452800245704419154238539193463977977,584784023149211331323264891361106490584879827670861248372269840738436630289556718424676162655812328470619489923348213186463493286836377778489324653329401304559963869622381152983180202574304225134093484287877336982536658099624057948425540471157372327732289998267666117295185112787931079677538401350283773,True
BARRIER_COMPARISON,EXTERNAL_RECORD_EVIDENCE,,,,,,,631,1001,2602714556700227743,1757030840965599662272165736705969476281042995041847579135418898186235768496482495580261483914476225057177456452338522426453447723723364120576970104381878557380875250810849516695895876374178268187749941409170272566355869784189023537166412799458636248925512793922419987427470445821706395129324505467868663,9855419251234353964163534093316640885222407144214414656536108277410186801232363192403994463315740656897654882327422795960801949027410100512715438951474830836514274532380178881468000489540869094280609084187236800784533235604532868125055103617872600423109185206041606069794622046033755838761043423850805,True,25650843147571312008395314189466817910059747203006056419206604636219978467341103408183832318988610018860605541050832729258459089589192176823331955862354794504078865945165177343771516598449748258088775484106515758506502686393589492325358637304849255831772100568878937058867918512077947057725615677793285098825621553883115,1757030840965599662272165736705969476281042995041847579135418898186235768496482495580261483914476225057177456452338522426453447723723364120576970104381878557380875250810849516695895876374178268187749941409170272566355869784189023537166412799458636248925512793922419987427470445821706395129324505467868663,True
BARRIER_COMPARISON,EXTERNAL_RECORD_EVIDENCE,,,,,,,632,1002,2602714556700227743,5281807608968661660025981460608508446948743033242598073480694198442410816000696847965716435531585633752808316086191098747612214624027015502166894890720334246946560320207372781073108703727597175705127778409663864174051191293834469379058403942321985809691109578244946504450071767296771809774810722071675365,8136085609977715473522101298749886444439125198532571820733317064823539381198367127348015813633304808141071188631205451378662941368384020666177161705027342901673688047492074673561852258497864999085918888255617452386435824278801069256834222961463675440185162662751733874063006474796018742608718935413663,True,21175908451648251762091879624283391305329798116623018056600916596796912732088994519948735684729880359242310939518330448147352557905445038577788989992783034127046712716736879551499833498569545505911260363726863038298113672566257666232216010052450650402894115627537044721688574593045630375877332775236565763644700013852609,5281807608968661660025981460608508446948743033242598073480694198442410816000696847965716435531585633752808316086191098747612214624027015502166894890720334246946560320207372781073108703727597175705127778409663864174051191293834469379058403942321985809691109578244946504450071767296771809774810722071675365,True
BARRIER_COMPARISON,EXTERNAL_RECORD_EVIDENCE,,,,,,,633,1004,2602714556700227743,15866852999049710326496912882806725377057457195961904892590957603094639469024589266347013274171070818420976841716924359179340386777794892787372653827310399890447550096171766805190168260392916269399139243593297685472120737764038205672293542914858111554902471127690212597685536161553620678098106577551164847,67268601117383839258503305858649731755773568063819059759949966729284660188592546281771982593527748749527000482595742227143474635532844623742469795413876327920759335241773147962369855195743079564769573393379038257093635237905998278007164844668699277978840273899001370292830738750998553775174979478518493,True,175080967337076123812463764761084298765688281334659356571840544414116783536135614969051729598661540472405944185823326823698107095440598099517780725166911801151519908387727943614128933089268035054443913268365957589337129790927794620184367833881546185393526719040810667074896085665513312722231026841996276356598429337151299,15866852999049710326496912882806725377057457195961904892590957603094639469024589266347013274171070818420976841716924359179340386777794892787372653827310399890447550096171766805190168260392916269399139243593297685472120737764038205672293542914858111554902471127690212597685536161553620678098106577551164847,True
BARRIER_COMPARISON,EXTERNAL_RECORD_EVIDENCE,,,,,,,634,1005,2602714556700227743,47686279685724032365166612652344976276017283972822157366368372840353546491163762688840495692818468123913138098984177329284036131956240063485605838102528788269774126830713894263453873378019247777332441364237117428216230868822253807157353953096142951168023982954892130130397891923314083029389017377998049549,30364426202348746423761909726348905577495934318571802088849838048597812385787859246404207170071908948165853780978723189400480660887763624251656145046451786899324921328131748120372371906231300424261453265688371171543594653439614553074845830868864827303381678054019436195925338946553671136129647746445463,True,79029934082702897332638790730316396898269296064816860107370454747446169248932319270333098618097023838501787088396638554070123599424742363415687154746484608373040644213114611003869068893566511016491211096356398870240234279867297374602224286747861619441202668489633869585366809451034251788296966460842512807137970829080009,47686279685724032365166612652344976276017283972822157366368372840353546491163762688840495692818468123913138098984177329284036131956240063485605838102528788269774126830713894263453873378019247777332441364237117428216230868822253807157353953096142951168023982954892130130397891923314083029389017377998049549,True
